Nama Produk,Jumlah Produk,Harga Jual,Rating Produk,Nama Akun,Rating Pengguna,Ulasan Produk
MAKE OVER Powerstay Glazed Lock Lip Pigment - D11 POMPOUS 2.0,Terjual 10 rb+,Rp119.200,4.9,M***a,bintang 5,tahan lama dari pagi sampe malem. wanginya manis. warna ok.
MAKE OVER Powerstay Glazed Lock Lip Pigment - D11 POMPOUS 2.0,Terjual 10 rb+,Rp119.200,4.9,N***i,bintang 5,Bagus sesuai cocok
MAKE OVER Powerstay Glazed Lock Lip Pigment - D11 POMPOUS 2.0,Terjual 10 rb+,Rp119.200,4.9,C***y,bintang 5,produknya bagus tapi pengirimannya lama
MAKE OVER Powerstay Glazed Lock Lip Pigment - D11 POMPOUS 2.0,Terjual 10 rb+,Rp119.200,4.9,RINA,bintang 5,Bagus transferproof
MAKE OVER Powerstay Glazed Lock Lip Pigment - D11 POMPOUS 2.0,Terjual 10 rb+,Rp119.200,4.9,D***a,bintang 5,Bagus bangeeeeeet
MAKE OVER Powerstay Glazed Lock Lip Pigment - D11 POMPOUS 2.0,Terjual 10 rb+,Rp119.200,4.9,s***i,bintang 5,warnanyaa bagus bangettt
MAKE OVER Powerstay Glazed Lock Lip Pigment - D11 POMPOUS 2.0,Terjual 10 rb+,Rp119.200,4.9,Chansya,bintang 5,Cantik banget warnanya. Pengirimannya lama banget. Teksturnya ringan
MAKE OVER Powerstay Glazed Lock Lip Pigment - D11 POMPOUS 2.0,Terjual 10 rb+,Rp119.200,4.9,e***a,bintang 5,bagusss untuk kulit sawo matang
MAKE OVER Powerstay Glazed Lock Lip Pigment - D11 POMPOUS 2.0,Terjual 10 rb+,Rp119.200,4.9,Laksmita,bintang 5,"barang sampai dengan selamat, warnya suka dan bagus, tapi jadi pengen warna yang lain."
MAKE OVER Powerstay Glazed Lock Lip Pigment - D11 POMPOUS 2.0,Terjual 10 rb+,Rp119.200,4.9,M***s,bintang 5,bibir jadi plump banget tapi gak ninggalin kesan too shiny.. sekali pulas uda langsung nutupin warna bibir
MAKE OVER Powerstay Glazed Lock Lip Pigment - D11 POMPOUS 2.0,Terjual 10 rb+,Rp119.200,4.9,Y***a,bintang 5,Terima kasih pesanan sudah diterima dengan baik.
MAKE OVER Powerstay Glazed Lock Lip Pigment - D11 POMPOUS 2.0,Terjual 10 rb+,Rp119.200,4.9,A***i,bintang 5,bagusss bgt gausah diraguin lagiüòçüòç
MAKE OVER Powerstay Glazed Lock Lip Pigment - D11 POMPOUS 2.0,Terjual 10 rb+,Rp119.200,4.9,N***g,bintang 5,"bahannya ringan, mudah untuk pengaplikasian, warnanya cantik! packaging juga aman banget! loveeee!"
MAKE OVER Powerstay Glazed Lock Lip Pigment - D11 POMPOUS 2.0,Terjual 10 rb+,Rp119.200,4.9,E***y,bintang 5,D11 pompous bner¬≤ awet dan warnanya cantik
MAKE OVER Powerstay Glazed Lock Lip Pigment - D11 POMPOUS 2.0,Terjual 10 rb+,Rp119.200,4.9,w***n,bintang 5,packingnya bagus banget dan safety. pake kardus jg pake bubble juga. warna lipstiknya saya suka. saran aja kalau bs dibuatkan packing kecil juga kardusnya biar lebih hemat. terbaik emang
MAKE OVER Powerstay Glazed Lock Lip Pigment - D11 POMPOUS 2.0,Terjual 10 rb+,Rp119.200,4.9,A***h,bintang 5,"sampenya cepet packagingnya aman banget, suka bgt sama warnanya pas"
MAKE OVER Powerstay Glazed Lock Lip Pigment - D11 POMPOUS 2.0,Terjual 10 rb+,Rp119.200,4.9,n***a,bintang 5,"Wananya sesuai ekspektasi, bagus baru nyoba"
MAKE OVER Powerstay Glazed Lock Lip Pigment - D11 POMPOUS 2.0,Terjual 10 rb+,Rp119.200,4.9,D***a,bintang 5,"pengiriman agak lama. produknya gila coy bagus banget, gue pake makan berat sampe dilap tisu pun gak ilang samsek ü§üüèª"
MAKE OVER Powerstay Glazed Lock Lip Pigment - D11 POMPOUS 2.0,Terjual 10 rb+,Rp119.200,4.9,M***h,bintang 5,warnanya cantik cocok buat kulit gelap.
MAKE OVER Powerstay Glazed Lock Lip Pigment - D11 POMPOUS 2.0,Terjual 10 rb+,Rp119.200,4.9,L***a,bintang 5,"ringan bgtt dibibir, awettt, cocok buat ombreüëçüëç"
MAKE OVER Powerstay Glazed Lock Lip Pigment - D11 POMPOUS 2.0,Terjual 10 rb+,Rp119.200,4.9,A***a,bintang 5,"Akhirnya setelah drama barang ke cancel sebelumnya, sekaramg barangnya nyampe juga. Pesan kemarin malam dan hari ini udah nyampe. Makasih juga buat voc kompensasinya, semoga kedepannya bisa lebih ditingkatkan lagi ya"
MAKE OVER Powerstay Glazed Lock Lip Pigment - D11 POMPOUS 2.0,Terjual 10 rb+,Rp119.200,4.9,R***z,bintang 5,asli ini lipcream awet banget di pake makan tetep stay. nice.
MAKE OVER Powerstay Glazed Lock Lip Pigment - D11 POMPOUS 2.0,Terjual 10 rb+,Rp119.200,4.9,T***i,bintang 5,"Warnanya lucu, orange nya bagus, cocok dibibir aku biasanya pakai yg lover"
MAKE OVER Powerstay Glazed Lock Lip Pigment - D11 POMPOUS 2.0,Terjual 10 rb+,Rp119.200,4.9,Sarah,bintang 4,"Punya aku malah ngak enak pas bagian di shake nya, berat gitu, jadi harus extra shake 10 detik nya .."
MAKE OVER Powerstay Glazed Lock Lip Pigment - D11 POMPOUS 2.0,Terjual 10 rb+,Rp119.200,4.9,Geri,bintang 5,Thanks gan
MAKE OVER Powerstay Glazed Lock Lip Pigment - D11 POMPOUS 2.0,Terjual 10 rb+,Rp119.200,4.9,Vanessa,bintang 5,habis makan soto tetep cetar loh lipstik nya
MAKE OVER Powerstay Glazed Lock Lip Pigment - D11 POMPOUS 2.0,Terjual 10 rb+,Rp119.200,4.9,T***a,bintang 5,"warna bagus, D01 pink tapi masih soft, masih cocok dengan kulit muka. D11 lebih ke coklat muda warna bibir.."
MAKE OVER Powerstay Glazed Lock Lip Pigment - D11 POMPOUS 2.0,Terjual 10 rb+,Rp119.200,4.9,E***a,bintang 5,"ga pernah kecewa beli lipstik ini..warnanya cantik, tahan lama, ga bkn bibir kering..love pokonya"
MAKE OVER Powerstay Glazed Lock Lip Pigment - D11 POMPOUS 2.0,Terjual 10 rb+,Rp119.200,4.9,Nurul,bintang 5,"udh kedua kalinya beli & emang sebagus itu dong & glosy bgd, best dh pkknya"
MAKE OVER Powerstay Glazed Lock Lip Pigment - D11 POMPOUS 2.0,Terjual 10 rb+,Rp119.200,4.9,R***i,bintang 5,sy selalu suka dg makeover.. lipstiknya tahan lama
MAKE OVER Powerstay Glazed Lock Lip Pigment - D11 POMPOUS 2.0,Terjual 10 rb+,Rp119.200,4.9,R***i,bintang 4,Warna bagus sih. Seller juga ok. ID Express nya aja yg lama.
MAKE OVER Powerstay Glazed Lock Lip Pigment - D11 POMPOUS 2.0,Terjual 10 rb+,Rp119.200,4.9,Arintya,bintang 5,"harga terjangkau. hasilnya bagus. jangan lupa dikocok dulu. ringan, pigmented. seller responsif. paket rapih. terima kasih seller & kurir."
MAKE OVER Powerstay Glazed Lock Lip Pigment - D11 POMPOUS 2.0,Terjual 10 rb+,Rp119.200,4.9,T***k,bintang 5,"nyaman dipake, ringan, glossy tapi awett, shadenya mlbb bangett ü´∂"
MAKE OVER Powerstay Glazed Lock Lip Pigment - D11 POMPOUS 2.0,Terjual 10 rb+,Rp119.200,4.9,Amelia,bintang 5,"Sempet coba di store sebelum akhirnya beli. Suka banget sama teksturnya. Next time ingin coba lighter shade, mungkin yang Never."
MAKE OVER Powerstay Glazed Lock Lip Pigment - D11 POMPOUS 2.0,Terjual 10 rb+,Rp119.200,4.9,Babby,bintang 5,Warna sesuai. Warna bagus. Tq
MAKE OVER Powerstay Glazed Lock Lip Pigment - D11 POMPOUS 2.0,Terjual 10 rb+,Rp119.200,4.9,C***a,bintang 5,Pengiriman cepat. Terbaik..
MAKE OVER Powerstay Glazed Lock Lip Pigment - D11 POMPOUS 2.0,Terjual 10 rb+,Rp119.200,4.9,Yulia,bintang 5,pengiriman cepat. respon penjual cepat. packing rapi dan produk sesuai pesanan. terimakasih.
MAKE OVER Powerstay Glazed Lock Lip Pigment - D11 POMPOUS 2.0,Terjual 10 rb+,Rp119.200,4.9,Dwi,bintang 5,Belum dicoba
MAKE OVER Powerstay Glazed Lock Lip Pigment - D11 POMPOUS 2.0,Terjual 10 rb+,Rp119.200,4.9,Z***n,bintang 5,alhamdulillah barang sampai dngn baik üôèüôèüôè
MAKE OVER Powerstay Glazed Lock Lip Pigment - D11 POMPOUS 2.0,Terjual 10 rb+,Rp119.200,4.9,Resti,bintang 5,tampilannya mewah
MAKE OVER Powerstay Glazed Lock Lip Pigment - D11 POMPOUS 2.0,Terjual 10 rb+,Rp119.200,4.9,P***i,bintang 5,"bagusss warnaa nyaa, nyampee nyaa cepeeet!"
MAKE OVER Powerstay Glazed Lock Lip Pigment - D11 POMPOUS 2.0,Terjual 10 rb+,Rp119.200,4.9,L***i,bintang 5,"pengiriman cepat, packagingnya aman, barang sesuai dan expirednya masih lama. mantap pokoknya."
MAKE OVER Powerstay Glazed Lock Lip Pigment - D11 POMPOUS 2.0,Terjual 10 rb+,Rp119.200,4.9,A***a,bintang 5,oke üëçüèª
MAKE OVER Powerstay Glazed Lock Lip Pigment - D11 POMPOUS 2.0,Terjual 10 rb+,Rp119.200,4.9,a***m,bintang 5,Warna nya kayak pink. Tapi di saya kurang pink
MAKE OVER Powerstay Glazed Lock Lip Pigment - D11 POMPOUS 2.0,Terjual 10 rb+,Rp119.200,4.9,Hanna,bintang 5,warna fixen untuk kulit warm undertone kuning langsat jatuhnya seperti merah maroon.. ku suka sm hasil akhirnya‚ù§Ô∏èü•≥
MAKE OVER Powerstay Glazed Lock Lip Pigment - D11 POMPOUS 2.0,Terjual 10 rb+,Rp119.200,4.9,D***H,bintang 5,Barang diterima dengan baik... D11 warna bibir masuk ke kulit sawo matang (medium tan) D12 warna coklat yg mengetjutkan (sedikit hint merah gelap) yg hanya diperuntukan untuk yg pede warna2 bold üòÅ... klo ga pede yg bolela beli untuk di ombre D12+ D11.
MAKE OVER Powerstay Glazed Lock Lip Pigment - D11 POMPOUS 2.0,Terjual 10 rb+,Rp119.200,4.9,w***i,bintang 5,"mewah,, lembut, warnanya cantik"
MAKE OVER Powerstay Glazed Lock Lip Pigment - D11 POMPOUS 2.0,Terjual 10 rb+,Rp119.200,4.9,maimatami,bintang 5,pengiriman cepat...yee d kasih hadiah juga lip cream...ü§ó
MAKE OVER Powerstay Glazed Lock Lip Pigment - D11 POMPOUS 2.0,Terjual 10 rb+,Rp119.200,4.9,A***n,bintang 5,Sangat bagus warna dan kemasan Tidak lengket
MAKE OVER Powerstay Glazed Lock Lip Pigment - D11 POMPOUS 2.0,Terjual 10 rb+,Rp119.200,4.9,Gusnita,bintang 5,"Bagus bgt sih, enteng di bibir, awet gak ilang meski udah makan seharian, gak bikin bibir kering, definitely will buy again"
MAKE OVER Powerstay Glazed Lock Lip Pigment - D11 POMPOUS 2.0,Terjual 10 rb+,Rp119.200,4.9,B***B,bintang 4,"Barang sesuai deskripsi, dikemas dengan baik. Namun, warnanya masih belum sesuai untuk ombre dengan lip stylo 209."
MAKE OVER Powerstay Glazed Lock Lip Pigment - D11 POMPOUS 2.0,Terjual 10 rb+,Rp119.200,4.9,Riska,bintang 5,"respon cepat, kemasan rapi"
MAKE OVER Powerstay Glazed Lock Lip Pigment - D11 POMPOUS 2.0,Terjual 10 rb+,Rp119.200,4.9,Chairunisa,bintang 5,Cantik bgttttt & walaupun suka masih nempel tp glossynya ga langsung ilang. Stay lama & dibersihinnya perlu pake oil/balm. Suka‚ù§Ô∏è
MAKE OVER Powerstay Glazed Lock Lip Pigment - D11 POMPOUS 2.0,Terjual 10 rb+,Rp119.200,4.9,V***a,bintang 5,"Warna bagus, hasil akhir glazing.. really love it"
MAKE OVER Powerstay Glazed Lock Lip Pigment - D11 POMPOUS 2.0,Terjual 10 rb+,Rp119.200,4.9,I***n,bintang 5,favorite deh pokonya mantap make over glazed cinta bgt
MAKE OVER Powerstay Glazed Lock Lip Pigment - D11 POMPOUS 2.0,Terjual 10 rb+,Rp119.200,4.9,widiya,bintang 5,barang nya bagus rekomendasi pokoknya
MAKE OVER Powerstay Glazed Lock Lip Pigment - D11 POMPOUS 2.0,Terjual 10 rb+,Rp119.200,4.9,R***i,bintang 5,"Untuk pengemasannya bagus,, super double sefti banget,, dpt potongan harga & gratis ongkir juga.. terimakasih kak semoga lancar terus usahanya.."
MAKE OVER Powerstay Glazed Lock Lip Pigment - D11 POMPOUS 2.0,Terjual 10 rb+,Rp119.200,4.9,n***a,bintang 5,produk lokal terjuaraaaa pokoknya cinta bgtt sm make over ü•∞ü´∂üèª untuk lip nya awet bgt ga di raguin lg!
MAKE OVER Powerstay Glazed Lock Lip Pigment - D11 POMPOUS 2.0,Terjual 10 rb+,Rp119.200,4.9,Zaim,bintang 5,Warnanya cantik bangetttüòç
MAKE OVER Powerstay Glazed Lock Lip Pigment - D11 POMPOUS 2.0,Terjual 10 rb+,Rp119.200,4.9,Carolina,bintang 3,di bibir gelap bgt jadinya
MAKE OVER Powerstay Glazed Lock Lip Pigment - D11 POMPOUS 2.0,Terjual 10 rb+,Rp119.200,4.9,ANIE,bintang 5,"warnanya bagus banget üòç merah tapi gak judes, ini cocok utk acara apapun, cakeppppp"
MAKE OVER Powerstay Glazed Lock Lip Pigment - D11 POMPOUS 2.0,Terjual 10 rb+,Rp119.200,4.9,A***s,bintang 5,A***s
MAKE OVER Powerstay Glazed Lock Lip Pigment - D11 POMPOUS 2.0,Terjual 10 rb+,Rp119.200,4.9,Isti,bintang 5,selalu puas sama produknya. terima kasih make over
MAKE OVER Powerstay Glazed Lock Lip Pigment - D11 POMPOUS 2.0,Terjual 10 rb+,Rp119.200,4.9,A***a,bintang 5,Beneran Powerstay... buat makan tetep aja on poin...
MAKE OVER Powerstay Glazed Lock Lip Pigment - D11 POMPOUS 2.0,Terjual 10 rb+,Rp119.200,4.9,Veby,bintang 5,"Teksturnya ringan, halus ga kasar üíÑ cakeeep banget hasil ombre DNA + HALLWAY üíã Love it! ü´∞üèª"
MAKE OVER Powerstay Glazed Lock Lip Pigment - D11 POMPOUS 2.0,Terjual 10 rb+,Rp119.200,4.9,Nina,bintang 5,bagus banget shade nya sesuai ‚ô•Ô∏è Keren üòç
MAKE OVER Powerstay Glazed Lock Lip Pigment - D11 POMPOUS 2.0,Terjual 10 rb+,Rp119.200,4.9,Asteria,bintang 5,"Paket nya sempet gk kelacak sehari, mudah2an cocok wkwkwk"
MAKE OVER Powerstay Glazed Lock Lip Pigment - D11 POMPOUS 2.0,Terjual 10 rb+,Rp119.200,4.9,Pikah,bintang 3,pengiriman lama üò•
MAKE OVER Powerstay Glazed Lock Lip Pigment - D11 POMPOUS 2.0,Terjual 10 rb+,Rp119.200,4.9,A***d,bintang 3,"warnanya lebih ke coklat dan pas dipake di diemin 5-10menit pas buat minum, lipstick nya nempel di botol/gelas"
MAKE OVER Powerstay Glazed Lock Lip Pigment - D11 POMPOUS 2.0,Terjual 10 rb+,Rp119.200,4.9,Lora,bintang 5,Warna nude brown. Ketahanan dan transferproof sesuai klaim.
MAKE OVER Powerstay Glazed Lock Lip Pigment - D11 POMPOUS 2.0,Terjual 10 rb+,Rp119.200,4.9,k***a,bintang 5,"Nutupin bibir gelap, ringan dipakenya, tahan lama"
MAKE OVER Powerstay Glazed Lock Lip Pigment - D11 POMPOUS 2.0,Terjual 10 rb+,Rp119.200,4.9,Dyna,bintang 5,bahan ringan
MAKE OVER Powerstay Glazed Lock Lip Pigment - D11 POMPOUS 2.0,Terjual 10 rb+,Rp119.200,4.9,F***a,bintang 5,warnanya bagus banget dan beneran gak gampang luntur meskipun makan yang berminyakk the best deh!
MAKE OVER Powerstay Glazed Lock Lip Pigment - D11 POMPOUS 2.0,Terjual 10 rb+,Rp119.200,4.9,C***t,bintang 5,Warnanya cantik bgtttt
MAKE OVER Powerstay Glazed Lock Lip Pigment - D11 POMPOUS 2.0,Terjual 10 rb+,Rp119.200,4.9,Sri,bintang 5,"sumpah ini lipstik bagusss banget, wajib punya!!!"
MAKE OVER Powerstay Glazed Lock Lip Pigment - D11 POMPOUS 2.0,Terjual 10 rb+,Rp119.200,4.9,F***a,bintang 5,menyengangkan
MAKE OVER Powerstay Glazed Lock Lip Pigment - D11 POMPOUS 2.0,Terjual 10 rb+,Rp119.200,4.9,s***a,bintang 5,"Warnanya pas dibibirku MLBB jadinya. Ketahanan mantap, lengketnya minim. Gimanapun lipgloss pasti ada lebgket. Tapi hasilnya bagus glossy enggak ngecrack dibibir super duper kering. Worth to buy pokoknya apalagi dapet diskon dari 100k jadi 80k an"
MAKE OVER Powerstay Glazed Lock Lip Pigment - D11 POMPOUS 2.0,Terjual 10 rb+,Rp119.200,4.9,N***h,bintang 5,dapat gratis foundationüôÇ‚Äç‚ÜîÔ∏è
MAKE OVER Powerstay Glazed Lock Lip Pigment - D11 POMPOUS 2.0,Terjual 10 rb+,Rp119.200,4.9,Tya,bintang 5,ga bikin kulit keringg
MAKE OVER Powerstay Glazed Lock Lip Pigment - D11 POMPOUS 2.0,Terjual 10 rb+,Rp119.200,4.9,C***i,bintang 5,warnanya bagus di bibir. makasih.
MAKE OVER Powerstay Glazed Lock Lip Pigment - D11 POMPOUS 2.0,Terjual 10 rb+,Rp119.200,4.9,R***A,bintang 5,"Lipstikny kl dipake di bibir jd glossy, jd ga kliatan kering, ga crack, pigmented, tp memang agk lengket tp ga lengket2 bgt kq. Ini juga ga transfer kmn2, gelas or tumblr jd aman ya. Hanya aja aplikatornya kurang enak dipake, utk lipstik glossy ini lbh ringan kl dibanding dg lipstik glossy juga yg merek sebelah. Ga susah juga buat dibersihin. Tq"
MAKE OVER Powerstay Glazed Lock Lip Pigment - D11 POMPOUS 2.0,Terjual 10 rb+,Rp119.200,4.9,S***a,bintang 5,Baguss bngttt lipstiknya
MAKE OVER Powerstay Glazed Lock Lip Pigment - D11 POMPOUS 2.0,Terjual 10 rb+,Rp119.200,4.9,Alfiananta,bintang 5,"cakep sih, beli pas mau lebaran, tpi buat makan bakso beserta kuahnya langsung ikut luntur. tpi oke buat yg suka touchup"
MAKE OVER Powerstay Glazed Lock Lip Pigment - D11 POMPOUS 2.0,Terjual 10 rb+,Rp119.200,4.9,Lora,bintang 5,"Bagus banget, ketahan warnanya, transferproofnya ga usah diragukan lagi kualitas make over, di swatch di tangan bisa tahan sehari semalam. Warnanya mirip banget Maybelline golden tapi yg ini versi upgradenya karena beneran tahan 24 jam"
MAKE OVER Powerstay Glazed Lock Lip Pigment - D11 POMPOUS 2.0,Terjual 10 rb+,Rp119.200,4.9,Neli,bintang 5,"warnanya cantik bgt, cocok sm skin tone aku, ringan n pigmented dibibir,, dan ga kering,, lembab,, suka deh, udah punya 2 warna,, sesuka itu aku sm lipstik ini"
MAKE OVER Powerstay Glazed Lock Lip Pigment - D11 POMPOUS 2.0,Terjual 10 rb+,Rp119.200,4.9,A***n,bintang 1,"kasih bibtang 1 untuk kurir ya, bukan kualitas barangnya. Tgl 6 jam jam stg 8 malam seharusnya barang sampai, tp kurir tidak bisa antar dengan alasan rumah ditutup, kirain bakalan diantar tgl 7, atau besoknya. tnyata seminggu nya baru diantar. Itupun setelah komplain barang tidak sampai, dan telah melebihi estimasi waktu pengiriman. Kurir TokPed kalah dari kurir ******"
MAKE OVER Powerstay Glazed Lock Lip Pigment - D11 POMPOUS 2.0,Terjual 10 rb+,Rp119.200,4.9,Devi,bintang 4,bagus lip nya tp pengiriman lama sekali
MAKE OVER Powerstay Glazed Lock Lip Pigment - D11 POMPOUS 2.0,Terjual 10 rb+,Rp119.200,4.9,F***y,bintang 5,"Formulanya ringan, nyaman dibibir, hasilnya juga cantik banget dan pastinya tahan lama, love sekebon pokoknya buat make over"
MAKE OVER Powerstay Glazed Lock Lip Pigment - D11 POMPOUS 2.0,Terjual 10 rb+,Rp119.200,4.9,Salsabila,bintang 5,Ini udah lip glazed ke-6 aku! udah gausah diraguin lagi dong kualitasnyaüò≠üò≠üò≠üíñ. sukak bgt sama formulasi dan warnanya! cakeppp. btw yg aku pake di bawah shade d09 skye glazed sama d11 pompous. dan yg aku swatches di tangan shade d01 lover
MAKE OVER Powerstay Glazed Lock Lip Pigment - D11 POMPOUS 2.0,Terjual 10 rb+,Rp119.200,4.9,queen,bintang 5,Suka banget sama warnanya
MAKE OVER Powerstay Glazed Lock Lip Pigment - D11 POMPOUS 2.0,Terjual 10 rb+,Rp119.200,4.9,A***a,bintang 5,"sukaaa bangeet.. aku pasti bakal beli lagii varian lainnyaüò≠ apalagi aplikatornya tu loh kaget banget, lembuuutüò≠"
MAKE OVER Powerstay Glazed Lock Lip Pigment - D11 POMPOUS 2.0,Terjual 10 rb+,Rp119.200,4.9,D***a,bintang 5,Bagus walaupun pengirimannya lama banget ü•≤
MAKE OVER Powerstay Glazed Lock Lip Pigment - D11 POMPOUS 2.0,Terjual 10 rb+,Rp119.200,4.9,Verta,bintang 5,Suka bangetttttt
MAKE OVER Powerstay Glazed Lock Lip Pigment - D11 POMPOUS 2.0,Terjual 10 rb+,Rp119.200,4.9,R***l,bintang 5,"barang oke, kualitas oke"
MAKE OVER Powerstay Glazed Lock Lip Pigment - D11 POMPOUS 2.0,Terjual 10 rb+,Rp119.200,4.9,caca,bintang 5,caca
MAKE OVER Powerstay Glazed Lock Lip Pigment - D11 POMPOUS 2.0,Terjual 10 rb+,Rp119.200,4.9,A***i,bintang 5,"pengiriman agak lama, repurchase lip glazed makeover ke-2 aku sukaaa bgt dipakenya ringan ga berat dan ga lengket. stay juga!!"
MAKE OVER Powerstay Glazed Lock Lip Pigment - D11 POMPOUS 2.0,Terjual 10 rb+,Rp119.200,4.9,Akyunie,bintang 5,cakeeep pake bgt lah
MAKE OVER Powerstay Glazed Lock Lip Pigment - D11 POMPOUS 2.0,Terjual 10 rb+,Rp119.200,4.9,N***i,bintang 5,"Alhamdulillah, paketnya nyampe sebelum lebaran, gercep bgt,, make over kualitas ga perlu ditanya lg,, belanja 200rb dapat free gift nya ga kaleng2 dapatnya cushion,, MashaAllah baik bgt.. beli 2 dapat 3..thank make over n tokped.."
MAKE OVER Powerstay Glazed Lock Lip Pigment - D11 POMPOUS 2.0,Terjual 10 rb+,Rp119.200,4.9,a***n,bintang 5,"yeayyy dpt IYKYK, tenkyuuu"
MAKE OVER Powerstay Glazed Lock Lip Pigment - D11 POMPOUS 2.0,Terjual 10 rb+,Rp119.200,4.9,Aditha,bintang 5,cocok sekali di bibir saya
MAKE OVER Powerstay Glazed Lock Lip Pigment - D11 POMPOUS 2.0,Terjual 10 rb+,Rp119.200,4.9,Mulyani,bintang 5,Mulyani
MAKE OVER Powerstay Glazed Lock Lip Pigment - D11 POMPOUS 2.0,Terjual 10 rb+,Rp119.200,4.9,C***y,bintang 5,bagus banget!!
MAKE OVER Powerstay Glazed Lock Lip Pigment - D11 POMPOUS 2.0,Terjual 10 rb+,Rp119.200,4.9,h***a,bintang 5,"Warnanya baguss, packagingnya juga aman"
MAKE OVER Powerstay Glazed Lock Lip Pigment - D11 POMPOUS 2.0,Terjual 10 rb+,Rp119.200,4.9,L***y,bintang 5,"selalu beli make over karena bagus banget,tp tolong kurir nya ga usah pake id express lagi....tadi nya rencana buat kado jadi beli ulang di offline karena pengiriman oleh ekspedisi stack beberapa hari"
MAKE OVER Powerstay Glazed Lock Lip Pigment - D11 POMPOUS 2.0,Terjual 10 rb+,Rp119.200,4.9,Shafira,bintang 5,"mantap, warnanya sama kaya matte lip cream. ada stainnya juga kalo dipake dengan benar"
MAKE OVER Powerstay Glazed Lock Lip Pigment - D11 POMPOUS 2.0,Terjual 10 rb+,Rp119.200,4.9,Heni,bintang 5,"warna nya cakep sih, i love it"
MAKE OVER Powerstay Glazed Lock Lip Pigment - D11 POMPOUS 2.0,Terjual 10 rb+,Rp119.200,4.9,F***a,bintang 5,"Seller gercep, packing aman tapi pengiriman rada lama ya. Dapat harga diskon, warna sesuai, & expired date aman masih 2027. Baru coba lipstick ini nyaman di bibir ringan dan tdk bikin kering, teksturnya lebih ok dr brand sebelah. Warnanya pink mauve cucok jg. Bakalan beli warna lain lg buat gonta ganti. Recommended seller."
MAKE OVER Powerstay Glazed Lock Lip Pigment - D11 POMPOUS 2.0,Terjual 10 rb+,Rp119.200,4.9,Siska,bintang 5,"ringan, glossy nya cakep, awet bgtt dipake makan g hilang"
MAKE OVER Powerstay Glazed Lock Lip Pigment - D11 POMPOUS 2.0,Terjual 10 rb+,Rp119.200,4.9,N***g,bintang 5,"Pengiriman sehari sampai, produk original, packing rapi, kurir sdh langganan"
MAKE OVER Powerstay Glazed Lock Lip Pigment - D11 POMPOUS 2.0,Terjual 10 rb+,Rp119.200,4.9,S***i,bintang 5,"Warnanya bagus, long lasting, dan transfer proof"
MAKE OVER Powerstay Glazed Lock Lip Pigment - D11 POMPOUS 2.0,Terjual 10 rb+,Rp119.200,4.9,Liza,bintang 5,so far so good
MAKE OVER Powerstay Glazed Lock Lip Pigment - D11 POMPOUS 2.0,Terjual 10 rb+,Rp119.200,4.9,Sharon,bintang 5,Sudah sampee. Ok banget packaging nya gede pdhal cuma 1 pcs
MAKE OVER Powerstay Glazed Lock Lip Pigment - D11 POMPOUS 2.0,Terjual 10 rb+,Rp119.200,4.9,Andries,bintang 5,"warnanya bagus, tidak nempel"
MAKE OVER Powerstay Glazed Lock Lip Pigment - D11 POMPOUS 2.0,Terjual 10 rb+,Rp119.200,4.9,Khansa,bintang 5,"bahannya lebih ringan dibanding yg matte udah pasti, warnanya cantik bangett ü´∂, ga lengket, bener2 cover warna permukaan bibir, 1000000/10 untuk lip product make over"
MAKE OVER Powerstay Glazed Lock Lip Pigment - D11 POMPOUS 2.0,Terjual 10 rb+,Rp119.200,4.9,Triana,bintang 5,bagus bgt warnanya cantik
MAKE OVER Powerstay Glazed Lock Lip Pigment - D11 POMPOUS 2.0,Terjual 10 rb+,Rp119.200,4.9,I***n,bintang 5,"ok,terima kasih"
MAKE OVER Powerstay Glazed Lock Lip Pigment - D11 POMPOUS 2.0,Terjual 10 rb+,Rp119.200,4.9,D***a,bintang 5,Barangnya sudah sampai dengan aman! Bener2 matte n long lasting banget! Sukak! Thanks
MAKE OVER Powerstay Glazed Lock Lip Pigment - D11 POMPOUS 2.0,Terjual 10 rb+,Rp119.200,4.9,Cyntia,bintang 5,repeat order.. yg 3 kalinya..
MAKE OVER Powerstay Glazed Lock Lip Pigment - D11 POMPOUS 2.0,Terjual 10 rb+,Rp119.200,4.9,Antika,bintang 5,padahal packing 1 barang doang tapi packingnya aman banget nget ngettt
MAKE OVER Powerstay Glazed Lock Lip Pigment - D11 POMPOUS 2.0,Terjual 10 rb+,Rp119.200,4.9,W***n,bintang 4,"warna nya cocok sama tone sawo matang, agak lengket di bibir. sebenernya barangnya ga terlalu masalah sih, cuma mau komplen dari pihak ekspedisi. kurir tidak ramah"
MAKE OVER Powerstay Glazed Lock Lip Pigment - D11 POMPOUS 2.0,Terjual 10 rb+,Rp119.200,4.9,e***a,bintang 5,mantul....
MAKE OVER Powerstay Glazed Lock Lip Pigment - D11 POMPOUS 2.0,Terjual 10 rb+,Rp119.200,4.9,Aisah,bintang 5,Aisah
MAKE OVER Powerstay Glazed Lock Lip Pigment - D11 POMPOUS 2.0,Terjual 10 rb+,Rp119.200,4.9,A***h,bintang 5,warnanya bagus dan cocok di kulit aku. terima kasih
MAKE OVER Powerstay Glazed Lock Lip Pigment - D11 POMPOUS 2.0,Terjual 10 rb+,Rp119.200,4.9,Nurul,bintang 5,Nurul
MAKE OVER Powerstay Glazed Lock Lip Pigment - D11 POMPOUS 2.0,Terjual 10 rb+,Rp119.200,4.9,E***g,bintang 5,"Warnanya sesuai, teksurnya ringan, ga bikin bibir kering dan ga transproofüíïüíïüíï‚ù§Ô∏èüòç Hasil akhir glossy"
MAKE OVER Powerstay Glazed Lock Lip Pigment - D11 POMPOUS 2.0,Terjual 10 rb+,Rp119.200,4.9,L***y,bintang 5,L***y
MAKE OVER Powerstay Glazed Lock Lip Pigment - D11 POMPOUS 2.0,Terjual 10 rb+,Rp119.200,4.9,A***h,bintang 5,warna cocok dengan kulit yang agak kuning agak matte tp ga bikin kering thanks
MAKE OVER Powerstay Glazed Lock Lip Pigment - D11 POMPOUS 2.0,Terjual 10 rb+,Rp119.200,4.9,Hartika,bintang 5,gak pernah kecewa SM makeover deh... top bgt... bli lipstik dpt liquid foundation üòç walaupun mau expd tp okelah... seenggaknya gak di buang bgitu saja SM makeover.... terimakasih ka
MAKE OVER Powerstay Glazed Lock Lip Pigment - D11 POMPOUS 2.0,Terjual 10 rb+,Rp119.200,4.9,Mellyana,bintang 5,"Terima kasih diskonnya, barangnya agak lama datang. Warnanya lebih ke pink."
MAKE OVER Powerstay Glazed Lock Lip Pigment - D11 POMPOUS 2.0,Terjual 10 rb+,Rp119.200,4.9,syalililulu,bintang 5,bagus dan beneran tahan lama dinpake makan pun enak banget ga ilang
MAKE OVER Powerstay Glazed Lock Lip Pigment - D11 POMPOUS 2.0,Terjual 10 rb+,Rp119.200,4.9,Ratih,bintang 5,Good
MAKE OVER Powerstay Glazed Lock Lip Pigment - D11 POMPOUS 2.0,Terjual 10 rb+,Rp119.200,4.9,andrea,bintang 5,lip warna bagooooeeesssssss
MAKE OVER Powerstay Glazed Lock Lip Pigment - D11 POMPOUS 2.0,Terjual 10 rb+,Rp119.200,4.9,F***a,bintang 4,"warnanya cakep, tp ternyata lengket dan gak terlalu glazy di saya. klo untuk ketahanan mantep sih."
MAKE OVER Powerstay Glazed Lock Lip Pigment - D11 POMPOUS 2.0,Terjual 10 rb+,Rp119.200,4.9,I***a,bintang 5,Produk di terima dalam keadaan baik. Terima kasih.
MAKE OVER Powerstay Glazed Lock Lip Pigment - D11 POMPOUS 2.0,Terjual 10 rb+,Rp119.200,4.9,b***k,bintang 5,bagus banget warnanya..aku suka ringan pula di bibir sip pokoknya
MAKE OVER Powerstay Glazed Lock Lip Pigment - D11 POMPOUS 2.0,Terjual 10 rb+,Rp119.200,4.9,m***h,bintang 5,"baru mau coba pake yg ini mudah mudahan cocok sudah lama kepingin tpi nunggu diskon dulu,pas dapat potongan banyak langsung deh beli"
MAKE OVER Powerstay Glazed Lock Lip Pigment - D11 POMPOUS 2.0,Terjual 10 rb+,Rp119.200,4.9,L***s,bintang 5,"warnanya okee,glosi tp waterproof"
MAKE OVER Powerstay Glazed Lock Lip Pigment - D11 POMPOUS 2.0,Terjual 10 rb+,Rp119.200,4.9,Fitria,bintang 5,"pembelian pertama yg pompous, menurutku agak gelap..jd aku beli lagi yg lover...dan ini warnanya baguuusss...cocok...tp overall memang bagus semua tahan lama..di ombre jg cocok nih"
MAKE OVER Powerstay Glazed Lock Lip Pigment - D11 POMPOUS 2.0,Terjual 10 rb+,Rp119.200,4.9,A***s,bintang 5,Warnanyaaa cerahhhhh
MAKE OVER Powerstay Glazed Lock Lip Pigment - D11 POMPOUS 2.0,Terjual 10 rb+,Rp119.200,4.9,R***i,bintang 5,"warna cantik, hasil akhir creamy dan ringan"
MAKE OVER Powerstay Glazed Lock Lip Pigment - D11 POMPOUS 2.0,Terjual 10 rb+,Rp119.200,4.9,fitria,bintang 5,"warnanya cantik, ringan dipakai,tahan lama juga. ‚ù§Ô∏è"
MAKE OVER Powerstay Glazed Lock Lip Pigment - D11 POMPOUS 2.0,Terjual 10 rb+,Rp119.200,4.9,Kar,bintang 5,Kar
MAKE OVER Powerstay Glazed Lock Lip Pigment - D11 POMPOUS 2.0,Terjual 10 rb+,Rp119.200,4.9,F***a,bintang 5,warnanya cantikkk. tahan lama bngt. love bngt deeeh üíï
MAKE OVER Powerstay Glazed Lock Lip Pigment - D11 POMPOUS 2.0,Terjual 10 rb+,Rp119.200,4.9,christina,bintang 5,produk original
MAKE OVER Powerstay Glazed Lock Lip Pigment - D11 POMPOUS 2.0,Terjual 10 rb+,Rp119.200,4.9,yanti,bintang 5,"nambah lagi varian warna lipstik make over nya, jatuh cinta bgd sama warna""nya üòòüòòüòò"
MAKE OVER Powerstay Glazed Lock Lip Pigment - D11 POMPOUS 2.0,Terjual 10 rb+,Rp119.200,4.9,D***n,bintang 5,Akhirnyaaa nemu shade yg aku mauuuu dpt harga promo 85rb makasih
MAKE OVER Powerstay Glazed Lock Lip Pigment - D11 POMPOUS 2.0,Terjual 10 rb+,Rp119.200,4.9,D***i,bintang 5,sesuai pesanan. terimakasih üôè
MAKE OVER Powerstay Glazed Lock Lip Pigment - D11 POMPOUS 2.0,Terjual 10 rb+,Rp119.200,4.9,Dewi,bintang 4,produknya masih lengket d bibir.. mirip kaya super matte ink M****line
MAKE OVER Powerstay Glazed Lock Lip Pigment - D11 POMPOUS 2.0,Terjual 10 rb+,Rp119.200,4.9,O***e,bintang 5,"Sdh diterima dgn baik. Transfer proof emang tapi warnanya agak bold cenderung gelap di kulit aku, tapi cantik koq. Makasi ya üôè"
MAKE OVER Powerstay Glazed Lock Lip Pigment - D11 POMPOUS 2.0,Terjual 10 rb+,Rp119.200,4.9,G***a,bintang 5,"warna pink mauve, next pengen beli yg lover klo diskon lagi, hasil dbibir glossy"
MAKE OVER Powerstay Glazed Lock Lip Pigment - D11 POMPOUS 2.0,Terjual 10 rb+,Rp119.200,4.9,Wynona,bintang 5,so far so gewdd ketahanannya boleh diuji inimah üòé
MAKE OVER Powerstay Glazed Lock Lip Pigment - D11 POMPOUS 2.0,Terjual 10 rb+,Rp119.200,4.9,Isnaini,bintang 3,"pas pertama dibuka, di kuasnya ada item2 gitu, macem kena tinta eyeliner, akhirnya dilap sampe bersih."
MAKE OVER Powerstay Glazed Lock Lip Pigment - D11 POMPOUS 2.0,Terjual 10 rb+,Rp119.200,4.9,Apmelia,bintang 5,"warnanya bagus dibibir saya yg warna dasarnya agak ungu gt. jatohnya jd natural gt di bibir, suka deh dan cocok buat sehari2."
MAKE OVER Powerstay Glazed Lock Lip Pigment - D11 POMPOUS 2.0,Terjual 10 rb+,Rp119.200,4.9,Ryana,bintang 5,"suka banget warna nya, gak bikin kering, tahan lama"
MAKE OVER Powerstay Glazed Lock Lip Pigment - D11 POMPOUS 2.0,Terjual 10 rb+,Rp119.200,4.9,Rania,bintang 4,"untuk kulit bibirku kurang cocok,cenderung kering & jadi bruntusan"
MAKE OVER Powerstay Glazed Lock Lip Pigment - D11 POMPOUS 2.0,Terjual 10 rb+,Rp119.200,4.9,nuyfaradilla,bintang 5,good
MAKE OVER Powerstay Glazed Lock Lip Pigment - D11 POMPOUS 2.0,Terjual 10 rb+,Rp119.200,4.9,Nila,bintang 5,Nila
MAKE OVER Powerstay Glazed Lock Lip Pigment - D11 POMPOUS 2.0,Terjual 10 rb+,Rp119.200,4.9,nana,bintang 5,Bagus. Ringan dibibir.
MAKE OVER Powerstay Glazed Lock Lip Pigment - D11 POMPOUS 2.0,Terjual 10 rb+,Rp119.200,4.9,G***a,bintang 5,"Pertama kali coba masih ada kerasa lengketnya, tp cuma sedikit banget. Terus pas udah diaplikasiin kerasa ringan ga berat, stainnya juga mantep. Yg mau beli ini recommend sih"
MAKE OVER Powerstay Glazed Lock Lip Pigment - D11 POMPOUS 2.0,Terjual 10 rb+,Rp119.200,4.9,E***H,bintang 5,E***H
MAKE OVER Powerstay Glazed Lock Lip Pigment - D11 POMPOUS 2.0,Terjual 10 rb+,Rp119.200,4.9,Reny,bintang 5,Warnanya bagusss
MAKE OVER Powerstay Glazed Lock Lip Pigment - D11 POMPOUS 2.0,Terjual 10 rb+,Rp119.200,4.9,N***a,bintang 5,"Warna banyak ragam, saya pilih yang cocok dengan saya. Tahan lama dari awal masuk kantor, bfast, maksi, sampai pulang."
MAKE OVER Powerstay Glazed Lock Lip Pigment - D11 POMPOUS 2.0,Terjual 10 rb+,Rp119.200,4.9,A***a,bintang 5,"baguus, di aku yg bibirnya kering lumayan cocok ga crack gituuu. dipake buat makan berat yg ilang cm glazednya aja, so far ok bangetü•π"
MAKE OVER Powerstay Glazed Lock Lip Pigment - D11 POMPOUS 2.0,Terjual 10 rb+,Rp119.200,4.9,P***i,bintang 5,"Aweeeet banget dipake makan sehati an pun tetep stay, dan coverage nya bagus, ga se oily mybl vinyl"
MAKE OVER Powerstay Glazed Lock Lip Pigment - D11 POMPOUS 2.0,Terjual 10 rb+,Rp119.200,4.9,O***y,bintang 5,bahan keren sip
MAKE OVER Powerstay Glazed Lock Lip Pigment - D11 POMPOUS 2.0,Terjual 10 rb+,Rp119.200,4.9,Naufal,bintang 5,Alhamdulillah istri saya suka. Terima kasih
MAKE OVER Powerstay Glazed Lock Lip Pigment - D11 POMPOUS 2.0,Terjual 10 rb+,Rp119.200,4.9,D***y,bintang 5,memanglah dari dulu make over kalau soal packaging gak pernah setengah¬≤ padahal cm beli lipstick tapi paketnya dibungkus bubble warp tebel sama kardus warna inceran semoga cocok üòç mantaps seller üëçüèª
MAKE OVER Powerstay Glazed Lock Lip Pigment - D11 POMPOUS 2.0,Terjual 10 rb+,Rp119.200,4.9,A***i,bintang 5,Cakep
MAKE OVER Powerstay Glazed Lock Lip Pigment - D11 POMPOUS 2.0,Terjual 10 rb+,Rp119.200,4.9,S***n,bintang 4,kualitas produk oke. pengemasan super aman. pengiriman agak lama ya.
MAKE OVER Powerstay Glazed Lock Lip Pigment - D11 POMPOUS 2.0,Terjual 10 rb+,Rp119.200,4.9,B***a,bintang 5,"tahan lama, cakep warnanyaüëç"
MAKE OVER Powerstay Glazed Lock Lip Pigment - D11 POMPOUS 2.0,Terjual 10 rb+,Rp119.200,4.9,M***a,bintang 5,warna sesuai gambar dan tahan lama di bibir meskipun uda makan & minum tetap tahan
MAKE OVER Powerstay Glazed Lock Lip Pigment - D11 POMPOUS 2.0,Terjual 10 rb+,Rp119.200,4.9,a***y,bintang 5,warnanya baguuussss
MAKE OVER Powerstay Glazed Lock Lip Pigment - D11 POMPOUS 2.0,Terjual 10 rb+,Rp119.200,4.9,O***a,bintang 5,Sudah pasti Original krn Official store Alhamdulillah perdana coba dan sukaa sekaliiii Thankyou MakeOver ‚ò∫Ô∏èüëç Hanya Pengiriman nya Laaamaaa sekaliii untuk sekelas Official store Mohon diperhatikan
MAKE OVER Powerstay Glazed Lock Lip Pigment - D11 POMPOUS 2.0,Terjual 10 rb+,Rp119.200,4.9,Romanty,bintang 5,"bahan nya ringan, suka bgt sama warna nya baguss secocok itu sama bibir aku tekstur nya tuh halus gk kasar gtu loh pokok nya love bgt deh sama make over.."
MAKE OVER Powerstay Glazed Lock Lip Pigment - D11 POMPOUS 2.0,Terjual 10 rb+,Rp119.200,4.9,Y***i,bintang 5,mantep sih inii
MAKE OVER Powerstay Glazed Lock Lip Pigment - D11 POMPOUS 2.0,Terjual 10 rb+,Rp119.200,4.9,Tri,bintang 5,bagus emang tahan lama ehh sgituh udh bnyak makan tapi masih ada sdikit menepel jadi lumayan lah....tapi warna nya sdikit pucat
MAKE OVER Powerstay Glazed Lock Lip Pigment - D11 POMPOUS 2.0,Terjual 10 rb+,Rp119.200,4.9,Ita,bintang 5,perfect. sesuai expectasi. nyesel kenapa dulu di tawarin awal sama mbak SPG Make Over ga mau yaa. packaging safety sekali. thank Sellerüòç
MAKE OVER Powerstay Glazed Lock Lip Pigment - D11 POMPOUS 2.0,Terjual 10 rb+,Rp119.200,4.9,M***d,bintang 5,bagus kata pacar saya -mfh
MAKE OVER Powerstay Glazed Lock Lip Pigment - D11 POMPOUS 2.0,Terjual 10 rb+,Rp119.200,4.9,lutfatul,bintang 5,cakepppp banget warna nya
MAKE OVER Powerstay Glazed Lock Lip Pigment - D11 POMPOUS 2.0,Terjual 10 rb+,Rp119.200,4.9,Nurul,bintang 5,"pesanan sesuai, pengiriman cepat terimakasih make over warna nya cantik banget"
MAKE OVER Powerstay Glazed Lock Lip Pigment - D11 POMPOUS 2.0,Terjual 10 rb+,Rp119.200,4.9,F***i,bintang 5,hdhdndchjd
MAKE OVER Powerstay Glazed Lock Lip Pigment - D11 POMPOUS 2.0,Terjual 10 rb+,Rp119.200,4.9,Dian,bintang 5,Baguss poll
MAKE OVER Powerstay Glazed Lock Lip Pigment - D11 POMPOUS 2.0,Terjual 10 rb+,Rp119.200,4.9,manty,bintang 4,"ternyata shade yang ini kurang cocok di kulit sawo matang dan agak kuning langsat seperti warna kulit saya malah bikin muka item nggak cerah, dan biar nggak transfer lagi itu harus nunggu ¬π/¬≤ /1 jam gitu, selebihnya bagus"
MAKE OVER Powerstay Glazed Lock Lip Pigment - D11 POMPOUS 2.0,Terjual 10 rb+,Rp119.200,4.9,Kiya,bintang 5,"B aja sih ternyata masih lbh oke wardah glasting, dia agak lengket say"
MAKE OVER Powerstay Glazed Lock Lip Pigment - D11 POMPOUS 2.0,Terjual 10 rb+,Rp119.200,4.9,N***n,bintang 5,"lipstiknya bagus, tp semoga kurir rekomendasinya beneran mencerminkan namanya yaüôè lalu saran buat tokonya, kalo akan lama sampenya, dibikin PO aja, kalo perkiraan sampe diubah2 kan jadi sebel. luv make over semoga sukses trs"
MAKE OVER Powerstay Glazed Lock Lip Pigment - D11 POMPOUS 2.0,Terjual 10 rb+,Rp119.200,4.9,k***a,bintang 4,"awalnya penasaran beli ini krn shadenya mirip punchy, tp trnyata beda ya. si pompous lebih ada hint orange nya. kalau untuk formula, wrdh paling pigmented dan glossy hanya sekali swipe. kalau MO menurut aku harus 2x baru kelihatan bagus hasilnya, kalau cuma sekali ga kelihatan glossy. untuk ketahanan, MO paling juara sih. aku udh makan 2X masih stay lip productnya, ga ngegumpal jg (tp ini aku makan setelah 2-3 jam pemakaian ya, jd kurang tau kalau habis pakai terus lgsung makan gmn)"
MAKE OVER Powerstay Glazed Lock Lip Pigment - D11 POMPOUS 2.0,Terjual 10 rb+,Rp119.200,4.9,Ina,bintang 5,warna sesuai
MAKE OVER Powerstay Glazed Lock Lip Pigment - D11 POMPOUS 2.0,Terjual 10 rb+,Rp119.200,4.9,B***g,bintang 4,"ya okelah,tapi masih lengket padahal sudah sesuai instruksi dibalik dan di shake 10detik,ditunggu sampai setengah jam juga masih lengket dan masih transfer,rasanya juga berat dibibir"
MAKE OVER Powerstay Glazed Lock Lip Pigment - D11 POMPOUS 2.0,Terjual 10 rb+,Rp119.200,4.9,ruth,bintang 1,ruth
MAKE OVER Powerstay Glazed Lock Lip Pigment - D11 POMPOUS 2.0,Terjual 10 rb+,Rp119.200,4.9,Nanik,bintang 3,Nanik
MAKE OVER Powerstay Glazed Lock Lip Pigment - D11 POMPOUS 2.0,Terjual 10 rb+,Rp119.200,4.9,S***a,bintang 5,S***a
MAKE OVER Powerstay Glazed Lock Lip Pigment - D11 POMPOUS 2.0,Terjual 10 rb+,Rp119.200,4.9,Eva,bintang 5,good
MAKE OVER Powerstay Glazed Lock Lip Pigment - D11 POMPOUS 2.0,Terjual 10 rb+,Rp119.200,4.9,diana,bintang 5,Pengiriman cepat. Dibungkus aman. Sesuai pesanan. Makasih ya. Bagus banget produknya üíñüíñ
MAKE OVER Powerstay Glazed Lock Lip Pigment - D11 POMPOUS 2.0,Terjual 10 rb+,Rp119.200,4.9,fatati,bintang 5,"bagus banget, pigmented bangetttttt, stainnya oke,"
MAKE OVER Powerstay Glazed Lock Lip Pigment - D11 POMPOUS 2.0,Terjual 10 rb+,Rp119.200,4.9,S***i,bintang 5,cocok
MAKE OVER Powerstay Glazed Lock Lip Pigment - D11 POMPOUS 2.0,Terjual 10 rb+,Rp119.200,4.9,Wie,bintang 5,cakep bgt ombre IYKYK dan Vintage ü´∞
MAKE OVER Powerstay Glazed Lock Lip Pigment - D11 POMPOUS 2.0,Terjual 10 rb+,Rp119.200,4.9,Tri,bintang 5,Cakep
MAKE OVER Powerstay Glazed Lock Lip Pigment - D11 POMPOUS 2.0,Terjual 10 rb+,Rp119.200,4.9,M***a,bintang 5,bagus banget. awet dan tahan banting
MAKE OVER Powerstay Glazed Lock Lip Pigment - D11 POMPOUS 2.0,Terjual 10 rb+,Rp119.200,4.9,HOOPOE,bintang 5,mantep
MAKE OVER Powerstay Glazed Lock Lip Pigment - D11 POMPOUS 2.0,Terjual 10 rb+,Rp119.200,4.9,Kabitaputri,bintang 5,"Bagusss bngt sukaa, next order shade yg lain nih hahaha"
MAKE OVER Powerstay Glazed Lock Lip Pigment - D11 POMPOUS 2.0,Terjual 10 rb+,Rp119.200,4.9,E***i,bintang 5,"Produk, packaging, delivery semua ok! Sangat puas belanja disini. Terima kasih ü´∂üèº"
MAKE OVER Powerstay Glazed Lock Lip Pigment - D11 POMPOUS 2.0,Terjual 10 rb+,Rp119.200,4.9,Arif,bintang 5,kurirnya lamaaaaa ***** barang yang diterima sudah sesuai dan packing sangat aman
MAKE OVER Powerstay Glazed Lock Lip Pigment - D11 POMPOUS 2.0,Terjual 10 rb+,Rp119.200,4.9,w***l,bintang 5,pengirimannya ya Allah hampir 10 jari pakai lion mana paketnya basah ü•¥
MAKE OVER Powerstay Glazed Lock Lip Pigment - D11 POMPOUS 2.0,Terjual 10 rb+,Rp119.200,4.9,s***i,bintang 4,"bagus tahan lama, tapi 003 never terlalu pink tua di bbir aku jadi kurang soft"
MAKE OVER Powerstay Glazed Lock Lip Pigment - D11 POMPOUS 2.0,Terjual 10 rb+,Rp119.200,4.9,M***a,bintang 5,"warna bagus, tapi pengiriman lama"
MAKE OVER Powerstay Glazed Lock Lip Pigment - D11 POMPOUS 2.0,Terjual 10 rb+,Rp119.200,4.9,N***a,bintang 5,Warnanya baguus bgt
MAKE OVER Powerstay Glazed Lock Lip Pigment - D11 POMPOUS 2.0,Terjual 10 rb+,Rp119.200,4.9,Farihani,bintang 5,Farihani
MAKE OVER Powerstay Glazed Lock Lip Pigment - D11 POMPOUS 2.0,Terjual 10 rb+,Rp119.200,4.9,O***i,bintang 5,Ringan dibibir dan pigmented banget
MAKE OVER Powerstay Glazed Lock Lip Pigment - D11 POMPOUS 2.0,Terjual 10 rb+,Rp119.200,4.9,Cicilia,bintang 4,Jujurly blom dicoba Bli krn mau coba n kemakan review Wakakaka
MAKE OVER Powerstay Glazed Lock Lip Pigment - D11 POMPOUS 2.0,Terjual 10 rb+,Rp119.200,4.9,Cicilia,bintang 4,Jujurly blom dicoba Bli krn mau coba n kemakan review Wakakaka
MAKE OVER Powerstay Glazed Lock Lip Pigment - D11 POMPOUS 2.0,Terjual 10 rb+,Rp119.200,4.9,Dewi,bintang 5,Superb! thankyou bonusannya make over ü§ç
MAKE OVER Powerstay Glazed Lock Lip Pigment - D11 POMPOUS 2.0,Terjual 10 rb+,Rp119.200,4.9,Azhar,bintang 5,baguss
MAKE OVER Powerstay Glazed Lock Lip Pigment - D11 POMPOUS 2.0,Terjual 10 rb+,Rp119.200,4.9,Juniari,bintang 5,"pastinya cakep, ini pembelian kedua"
MAKE OVER Powerstay Glazed Lock Lip Pigment - D11 POMPOUS 2.0,Terjual 10 rb+,Rp119.200,4.9,Yanni,bintang 5,"warna ya gelap gak cocok dimuka aku biasa pake terang ,üòÅ"
MAKE OVER Powerstay Glazed Lock Lip Pigment - D11 POMPOUS 2.0,Terjual 10 rb+,Rp119.200,4.9,Ella,bintang 5,sesuai warna yang aku mau kl ketahanan blm coba ya bsk aja aq coba..
MAKE OVER Powerstay Glazed Lock Lip Pigment - D11 POMPOUS 2.0,Terjual 10 rb+,Rp119.200,4.9,Dwi,bintang 5,cantikkk pink2 mauve
MAKE OVER Powerstay Glazed Lock Lip Pigment - D11 POMPOUS 2.0,Terjual 10 rb+,Rp119.200,4.9,P***i,bintang 5,"Alhamdulilah.. terima kasih make over official.. harga lebih murah , gppa meski agak lama ekspedisinya.. Mantap"
MAKE OVER Powerstay Glazed Lock Lip Pigment - D11 POMPOUS 2.0,Terjual 10 rb+,Rp119.200,4.9,a***i,bintang 5,cakepüëçüèª
MAKE OVER Powerstay Glazed Lock Lip Pigment - D11 POMPOUS 2.0,Terjual 10 rb+,Rp119.200,4.9,P***i,bintang 4,P***i
MAKE OVER Powerstay Glazed Lock Lip Pigment - D11 POMPOUS 2.0,Terjual 10 rb+,Rp119.200,4.9,ratnalesta,bintang 5,"Untuk aku di kulit sawo mateng warna ini jd gelap banget, tp tahan lama dan waterproff"
MAKE OVER Powerstay Glazed Lock Lip Pigment - D11 POMPOUS 2.0,Terjual 10 rb+,Rp119.200,4.9,G***a,bintang 5,"Warna nya nude sesuai ekspektasi, bisa buat daily, ringan, cm pengiriman agak lama"
MAKE OVER Powerstay Glazed Lock Lip Pigment - D11 POMPOUS 2.0,Terjual 10 rb+,Rp119.200,4.9,G***a,bintang 5,"warna nya bagus, menyala abangkuuuh"
MAKE OVER Powerstay Glazed Lock Lip Pigment - D11 POMPOUS 2.0,Terjual 10 rb+,Rp119.200,4.9,E***a,bintang 5,"sesuka ini sm produk power glazed sampe repeat berkali2..warnanya ok bgt,bnr2 tahan lama doongg..no transfer proof jg klo udh kering.."
MAKE OVER Powerstay Glazed Lock Lip Pigment - D11 POMPOUS 2.0,Terjual 10 rb+,Rp119.200,4.9,s***i,bintang 5,Fav bgt untuk brand iniüòç
MAKE OVER Powerstay Glazed Lock Lip Pigment - D11 POMPOUS 2.0,Terjual 10 rb+,Rp119.200,4.9,M,bintang 5,"lipstik sangat bagus, terasa ringan di bibir namun tahan lama. hanya saja pengiriman terlalu lama."
MAKE OVER Powerstay Glazed Lock Lip Pigment - D11 POMPOUS 2.0,Terjual 10 rb+,Rp119.200,4.9,R***a,bintang 5,"glossy tapi ga transfer üò≠ gila bngt ketahanannyaa, mau dipake makan minum juga ga ilang, tahan seharian"
MAKE OVER Powerstay Glazed Lock Lip Pigment - D11 POMPOUS 2.0,Terjual 10 rb+,Rp119.200,4.9,R***a,bintang 5,mantep bangettttttt
MAKE OVER Powerstay Glazed Lock Lip Pigment - D11 POMPOUS 2.0,Terjual 10 rb+,Rp119.200,4.9,iyas,bintang 5,Worth it! kerennnn banget
MAKE OVER Powerstay Glazed Lock Lip Pigment - D11 POMPOUS 2.0,Terjual 10 rb+,Rp119.200,4.9,Ary,bintang 5,Ary
MAKE OVER Powerstay Glazed Lock Lip Pigment - D11 POMPOUS 2.0,Terjual 10 rb+,Rp119.200,4.9,Mita,bintang 5,.
MAKE OVER Powerstay Glazed Lock Lip Pigment - D11 POMPOUS 2.0,Terjual 10 rb+,Rp119.200,4.9,Iis,bintang 5,pokoknya sangat layak untuk d beli.. awet dan ga cracky euy mantuil..
MAKE OVER Powerstay Glazed Lock Lip Pigment - D11 POMPOUS 2.0,Terjual 10 rb+,Rp119.200,4.9,C***o,bintang 1,"Awalnya udh semangat bgt sm klaim nya, tp pas dicoba swatch pertama aja udh janggal, karna rasanya super lengket bgt, warnanya juga ga bagus yg ini, beda sm yg katalog, yg paling nyebelin, dia cepet ilang dan kl ilang ngegumpel, susah dibersihinnya. Dibuat minum aja nempel2 ke gelas üòÖ sgtu air putih Soalnya lumayan pricey buat ak, jd very bad buat harga sgini kalah sm lokal yg satunya yg lebih murah, sorry üôèüèΩ"
MAKE OVER Powerstay Glazed Lock Lip Pigment - D11 POMPOUS 2.0,Terjual 10 rb+,Rp119.200,4.9,S***i,bintang 5,bagus.. good.. warnanya aku suka cantik bgt..luv deh
MAKE OVER Powerstay Glazed Lock Lip Pigment - D11 POMPOUS 2.0,Terjual 10 rb+,Rp119.200,4.9,Lim,bintang 5,Produk bagus
MAKE OVER Powerstay Glazed Lock Lip Pigment - D11 POMPOUS 2.0,Terjual 10 rb+,Rp119.200,4.9,Ayu,bintang 5,masih transfer sih walaupun udh didiemin 5 menit. dan yg varian pompous ga cocok untuk kulit saya
MAKE OVER Powerstay Glazed Lock Lip Pigment - D11 POMPOUS 2.0,Terjual 10 rb+,Rp119.200,4.9,H***i,bintang 4,"Tebal kali 1 swipe pun, makan mie goreng smudge sedikit not completely off but it cracked a bit"
MAKE OVER Powerstay Glazed Lock Lip Pigment - D11 POMPOUS 2.0,Terjual 10 rb+,Rp119.200,4.9,J***a,bintang 5,cakep bangeeettt
MAKE OVER Powerstay Glazed Lock Lip Pigment - D11 POMPOUS 2.0,Terjual 10 rb+,Rp119.200,4.9,Maya,bintang 5,the best pokoknya..... mau LG warna lain üòäüëçüëçüëçüëç
MAKE OVER Powerstay Glazed Lock Lip Pigment - D11 POMPOUS 2.0,Terjual 10 rb+,Rp119.200,4.9,kinanti,bintang 5,Lumayan bgt dapet bedakkkü´∞üèª
MAKE OVER Powerstay Glazed Lock Lip Pigment - D11 POMPOUS 2.0,Terjual 10 rb+,Rp119.200,4.9,Ayudianti,bintang 5,"Sukakkk bgt, Ringan dan awet.. Shade DNA di bibir jadinya nude ü•∞"
MAKE OVER Powerstay Glazed Lock Lip Pigment - D11 POMPOUS 2.0,Terjual 10 rb+,Rp119.200,4.9,e***k,bintang 5,e***k
MAKE OVER Powerstay Glazed Lock Lip Pigment - D11 POMPOUS 2.0,Terjual 10 rb+,Rp119.200,4.9,Esti,bintang 5,"nggak ngira dapat Harga diskon. suka banget sama warnanya. nude pink. Aman buat kulit gelap. warna ini dan vixen, sering kehabisan. cakep dan laris."
MAKE OVER Powerstay Glazed Lock Lip Pigment - D11 POMPOUS 2.0,Terjual 10 rb+,Rp119.200,4.9,m***a,bintang 5,cakkeeeppppp sesuai dengan yg diorder sukakkk
MAKE OVER Powerstay Glazed Lock Lip Pigment - D11 POMPOUS 2.0,Terjual 10 rb+,Rp119.200,4.9,Mella,bintang 5,"ahhh juara banget tekstur nya, nyaman di bibir, gak lengket, super ringan. btw D02 baguusss banget warnanya"
MAKE OVER Powerstay Glazed Lock Lip Pigment - D11 POMPOUS 2.0,Terjual 10 rb+,Rp119.200,4.9,Maya,bintang 5,"Bagus, ga bikin kering"
MAKE OVER Powerstay Glazed Lock Lip Pigment - D11 POMPOUS 2.0,Terjual 10 rb+,Rp119.200,4.9,S***a,bintang 5,"di aku ga glazed bgt kyk iklannya, msh kyk matte, dan 02 ga sepink iklannya , di aku msh merah tua"
MAKE OVER Powerstay Glazed Lock Lip Pigment - D11 POMPOUS 2.0,Terjual 10 rb+,Rp119.200,4.9,Qaulina,bintang 3,packing barangnya lama
MAKE OVER Powerstay Glazed Lock Lip Pigment - D11 POMPOUS 2.0,Terjual 10 rb+,Rp119.200,4.9,Primasari,bintang 5,packagingnya kece banget. semoga pas dicobain juga kece.
MAKE OVER Powerstay Glazed Lock Lip Pigment - D11 POMPOUS 2.0,Terjual 10 rb+,Rp119.200,4.9,E***y,bintang 5,"Warnanya sukak banget, natural. Tahan lama. Makasih Make Overüòç"
MAKE OVER Powerstay Glazed Lock Lip Pigment - D11 POMPOUS 2.0,Terjual 10 rb+,Rp119.200,4.9,Ika,bintang 5,suka banget
MAKE OVER Powerstay Glazed Lock Lip Pigment - D11 POMPOUS 2.0,Terjual 10 rb+,Rp119.200,4.9,Ch,bintang 5,semoga cocok ya kak bari mau coba kemasan okey
MAKE OVER Powerstay Glazed Lock Lip Pigment - D11 POMPOUS 2.0,Terjual 10 rb+,Rp119.200,4.9,A***i,bintang 4,"jujur kurang suka dengan teksturnya, lengket2 gitu di bibir, mungkin maksudnya utk melembabkan bibir ya tapi aneh rasanya, masa ngatup2 bibir jadi lengket2 gitu feelnya tuh bikin gak ngerasa nyaman dan ada yg ganggu...klo ada yg mau siap di preloved yaa kontak aja, mo jual murce aja baru dipake 2x oles"
MAKE OVER Powerstay Glazed Lock Lip Pigment - D11 POMPOUS 2.0,Terjual 10 rb+,Rp119.200,4.9,Nevita,bintang 4,"akhirnya kebagian, ini shade lipen yg beneran jadi PINK di bibir yg gelap"
MAKE OVER Powerstay Glazed Lock Lip Pigment - D11 POMPOUS 2.0,Terjual 10 rb+,Rp119.200,4.9,Sugiyanti,bintang 5,"Terasa ringan dan surprisingly ini sebadai itu tahan seharian padahal udah makan ini itu, packingnya luar biasa sih, padahal cuma lipstick 1 tapi udah kaya beli seperangkat alat makeup dikasih box"
MAKE OVER Powerstay Glazed Lock Lip Pigment - D11 POMPOUS 2.0,Terjual 10 rb+,Rp119.200,4.9,M***i,bintang 4,"paket sdh sampai aman,, agak lengket, meskipun lipstik sdh ngeset masih terasa lengket di bibir"
MAKE OVER Powerstay Glazed Lock Lip Pigment - D11 POMPOUS 2.0,Terjual 10 rb+,Rp119.200,4.9,Nuraliah,bintang 5,terimakasih barangbnya sudah sampai suka belanjabdisini pebghantarann cepat barang ori sesuai pesanan
MAKE OVER Powerstay Glazed Lock Lip Pigment - D11 POMPOUS 2.0,Terjual 10 rb+,Rp119.200,4.9,G***a,bintang 5,"barangnya bagus bgd gk kaleng¬≤ emamg makeover, next bakal order seri berbeda lg"
MAKE OVER Powerstay Glazed Lock Lip Pigment - D11 POMPOUS 2.0,Terjual 10 rb+,Rp119.200,4.9,Risma,bintang 5,warna yg paling di suka 01 & 03. next bakalan koleksi warna lain lagi. love bgt MO Glazed
MAKE OVER Powerstay Glazed Lock Lip Pigment - D11 POMPOUS 2.0,Terjual 10 rb+,Rp119.200,4.9,Wantydemir,bintang 5,Kedua kali nya beli makeover glazed karna bener2 bagusüòç
MAKE OVER Powerstay Glazed Lock Lip Pigment - D11 POMPOUS 2.0,Terjual 10 rb+,Rp119.200,4.9,N***l,bintang 5,warnanya bagus banget. bibir jd lembab
MAKE OVER Powerstay Glazed Lock Lip Pigment - D11 POMPOUS 2.0,Terjual 10 rb+,Rp119.200,4.9,A***n,bintang 5,"harus dihapus make micellar water yang oil infused kalo gak, gak bakal kehapus. mantep dah"
MAKE OVER Powerstay Glazed Lock Lip Pigment - D11 POMPOUS 2.0,Terjual 10 rb+,Rp119.200,4.9,A***l,bintang 5,"packaging super aman, lipstiknya the best, warnanya cakep üòò"
MAKE OVER Powerstay Glazed Lock Lip Pigment - D11 POMPOUS 2.0,Terjual 10 rb+,Rp119.200,4.9,H***A,bintang 5,üëçüèªüëçüèªüëçüèªüëçüèªüëçüèªüî•üî•üî•üî•üî•
MAKE OVER Powerstay Glazed Lock Lip Pigment - D11 POMPOUS 2.0,Terjual 10 rb+,Rp119.200,4.9,Afifah,bintang 5,"warnanya bold bangettt. kissproof, dibawa makan berminyak agak hilang."
MAKE OVER Powerstay Glazed Lock Lip Pigment - D11 POMPOUS 2.0,Terjual 10 rb+,Rp119.200,4.9,Enov,bintang 5,"Worth the hype! untuk para cewek2 yg lg maju mundur mau beli ini, saranku beli aja gas! Kalian gak akan nyesel karena sebagus itu. Dari packaging, warna, ketahanan top markotop. Cus buruan di check out sis!"
MAKE OVER Powerstay Glazed Lock Lip Pigment - D11 POMPOUS 2.0,Terjual 10 rb+,Rp119.200,4.9,Garudamas,bintang 5,cocooookk üëçüëçüëç
MAKE OVER Powerstay Glazed Lock Lip Pigment - D11 POMPOUS 2.0,Terjual 10 rb+,Rp119.200,4.9,arie,bintang 5,mantablah
MAKE OVER Powerstay Glazed Lock Lip Pigment - D11 POMPOUS 2.0,Terjual 10 rb+,Rp119.200,4.9,T***a,bintang 1,"setelah pakai hampir 2 bulan, baru bisa review deh. ternyata ini bukan my type of lipstick sihh. ga se nyaman itu. waktu awal di apply bagus, smooth dan ringan. tapi setelah agak lama jd berasa tebel dan agak lengket. dipakai makan dll juga ga awet seperti kebanyakan review. dan hilangnya itu per spot2 agak gumpal. tidak bisa juga kalau mau re apply, karena kan bersihinnya susah apalagi hilangnya kayak spot2 kecil gitu, kl langsung tumpuk kan jelek. masa kemana2 harus bawa lip remover ü§£ emang paling bener lip cream atau lip tint aja dah. sorry make over, kali ini aku ga suka sama produk lip nya. padahal udah beli 4 warna üôà"
MAKE OVER Powerstay Glazed Lock Lip Pigment - D11 POMPOUS 2.0,Terjual 10 rb+,Rp119.200,4.9,T***a,bintang 1,"setelah pakai hampir 2 bulan, baru bisa review deh. ternyata ini bukan my type of lipstick sihh. ga se nyaman itu. waktu awal di apply bagus, smooth dan ringan. tapi setelah agak lama jd berasa tebel dan agak lengket. dipakai makan dll juga ga awet seperti kebanyakan review. dan hilangnya itu per spot2 agak gumpal. tidak bisa juga kalau mau re apply, karena kan bersihinnya susah apalagi hilangnya kayak spot2 kecil gitu, kl langsung tumpuk kan jelek. masa kemana2 harus bawa lip remover ü§£ emang paling bener lip cream atau lip tint aja dah. sorry make over, kali ini aku ga suka sama produk lip nya. padahal udah beli 4 warna üôà"
MAKE OVER Powerstay Glazed Lock Lip Pigment - D11 POMPOUS 2.0,Terjual 10 rb+,Rp119.200,4.9,T***a,bintang 1,"setelah pakai hampir 2 bulan, baru bisa review deh. ternyata ini bukan my type of lipstick sihh. ga se nyaman itu. waktu awal di apply bagus, smooth dan ringan. tapi setelah agak lama jd berasa tebel dan agak lengket. dipakai makan dll juga ga awet seperti kebanyakan review. dan hilangnya itu per spot2 agak gumpal. tidak bisa juga kalau mau re apply, karena kan bersihinnya susah apalagi hilangnya kayak spot2 kecil gitu, kl langsung tumpuk kan jelek. masa kemana2 harus bawa lip remover ü§£ emang paling bener lip cream atau lip tint aja dah. sorry make over, kali ini aku ga suka sama produk lip nya. padahal udah beli 4 warna üôà"
MAKE OVER Powerstay Glazed Lock Lip Pigment - D11 POMPOUS 2.0,Terjual 10 rb+,Rp119.200,4.9,T***a,bintang 1,"setelah pakai hampir 2 bulan, baru bisa review deh. ternyata ini bukan my type of lipstick sihh. ga se nyaman itu. waktu awal di apply bagus, smooth dan ringan. tapi setelah agak lama jd berasa tebel dan agak lengket. dipakai makan dll juga ga awet seperti kebanyakan review. dan hilangnya itu per spot2 agak gumpal. tidak bisa juga kalau mau re apply, karena kan bersihinnya susah apalagi hilangnya kayak spot2 kecil gitu, kl langsung tumpuk kan jelek. masa kemana2 harus bawa lip remover ü§£ emang paling bener lip cream atau lip tint aja dah. sorry make over, kali ini aku ga suka sama produk lip nya. padahal udah beli 4 warna üôà"
MAKE OVER Powerstay Glazed Lock Lip Pigment - D11 POMPOUS 2.0,Terjual 10 rb+,Rp119.200,4.9,N***y,bintang 5,warnanya bagus
MAKE OVER Powerstay Glazed Lock Lip Pigment - D11 POMPOUS 2.0,Terjual 10 rb+,Rp119.200,4.9,Dias,bintang 5,"warnanya cantikk, nude ke peach gitu cocok sama warna kulit akuü•∞ teksturnya creamy ringan juga ada efek glossynya pas buat bibir aku yang agak kering jdi tetep lembabüòò formulanya sama sekali gak lengket juga di bibir, walaupun harus nunggu 5 menitan dulu setelah di aplikasiin biar bener‚Äù kering, tpi hasilnya worth it banget menurut aku karna tahan lamaaa .. emang produk make over gak pernah gagal, cinta bangettü´∞üèªü•∞"
MAKE OVER Powerstay Glazed Lock Lip Pigment - D11 POMPOUS 2.0,Terjual 10 rb+,Rp119.200,4.9,L***a,bintang 5,ringan dan mudah diserap wow banget
MAKE OVER Powerstay Glazed Lock Lip Pigment - D11 POMPOUS 2.0,Terjual 10 rb+,Rp119.200,4.9,Garudamas,bintang 5,lanjut order lagiii
MAKE OVER Powerstay Glazed Lock Lip Pigment - D11 POMPOUS 2.0,Terjual 10 rb+,Rp119.200,4.9,D***a,bintang 3,"lipsticknya sih bagus dan bener2 trasnferproof. Packagingnya jg bagus dan rapi, tapi pengirimannya sampe seminggu banget, lamaaaaaaa. Trs pas komplain, ga ada komen apa2 dari investigasinya, cm bilang lagi diinvestigasi mulu. bingung... üò≠"
MAKE OVER Powerstay Glazed Lock Lip Pigment - D11 POMPOUS 2.0,Terjual 10 rb+,Rp119.200,4.9,Jilsy,bintang 5,udah lama nyari lipcream yang warna dan formulanya cocok akhirnya make over nih yang cocok di aku
MAKE OVER Powerstay Glazed Lock Lip Pigment - D11 POMPOUS 2.0,Terjual 10 rb+,Rp119.200,4.9,puspita,bintang 4,"lipstiknya bagus,tetapi pengiriman lamaa bgt,seminggu br sampai"
MAKE OVER Powerstay Glazed Lock Lip Pigment - D11 POMPOUS 2.0,Terjual 10 rb+,Rp119.200,4.9,savira,bintang 5,"warnanya cantik, kerasa lbh tebal dr vynil ink tapi lebih ringan dripada wardah glazed. hasil akhirnya gak terlalu glossy tpi awet seharian dan gak transfer"
MAKE OVER Powerstay Glazed Lock Lip Pigment - D11 POMPOUS 2.0,Terjual 10 rb+,Rp119.200,4.9,Lisa,bintang 5,bagus
MAKE OVER Powerstay Glazed Lock Lip Pigment - D11 POMPOUS 2.0,Terjual 10 rb+,Rp119.200,4.9,Lisa,bintang 5,bagus
MAKE OVER Powerstay Glazed Lock Lip Pigment - D11 POMPOUS 2.0,Terjual 10 rb+,Rp119.200,4.9,Djatimas,bintang 5,"Warnanya cantiiiiikkkk!!!!! Pesanan sesuai dan pengiriman cepat! mantap!!! Kemasannya gak kaleng¬≤ sih, keren!"
MAKE OVER Powerstay Glazed Lock Lip Pigment - D11 POMPOUS 2.0,Terjual 10 rb+,Rp119.200,4.9,Erlitta,bintang 5,baguussss.....
MAKE OVER Powerstay Glazed Lock Lip Pigment - D11 POMPOUS 2.0,Terjual 10 rb+,Rp119.200,4.9,Elka,bintang 5,"yg suka pink bs ambil ini, warnanya lbh muda dibanding 03.. pink natural"
MAKE OVER Powerstay Glazed Lock Lip Pigment - D11 POMPOUS 2.0,Terjual 10 rb+,Rp119.200,4.9,funtea,bintang 4,"Berharap mengganti produk favorit yg diboikot, turn up kualitas beda. Iyasih emang beda brand. Semoga bisa improve yaa. Not my favorite, menggumpal dan heavy. But not that bad actually, the color is good."
MAKE OVER Powerstay Glazed Lock Lip Pigment - D11 POMPOUS 2.0,Terjual 10 rb+,Rp119.200,4.9,Alfira,bintang 5,demi bagus bangettt.. ga nyesel serius beli ini. dapat harga diskon jadi 80ribuan üò≠üíï
MAKE OVER Powerstay Glazed Lock Lip Pigment - D11 POMPOUS 2.0,Terjual 10 rb+,Rp119.200,4.9,Alfira,bintang 5,demi bagus bangettt.. ga nyesel serius beli ini. dapat harga diskon jadi 80ribuan üò≠üíï
MAKE OVER Powerstay Glazed Lock Lip Pigment - D11 POMPOUS 2.0,Terjual 10 rb+,Rp119.200,4.9,A***a,bintang 5,demi bagus bangettt.. ga nyesel serius beli ini. dapat harga diskon jadi 80ribuan üò≠üíï
MAKE OVER Powerstay Glazed Lock Lip Pigment - D11 POMPOUS 2.0,Terjual 10 rb+,Rp119.200,4.9,L***i,bintang 5,mantullllllll
MAKE OVER Powerstay Glazed Lock Lip Pigment - D11 POMPOUS 2.0,Terjual 10 rb+,Rp119.200,4.9,m***i,bintang 5,"ringan , bagus di ombreeeew, ga bikin bibir kering, dapat cashback lumayan, make over the beesssst"
MAKE OVER Powerstay Glazed Lock Lip Pigment - D11 POMPOUS 2.0,Terjual 10 rb+,Rp119.200,4.9,Risa,bintang 5,Sangat sesuai dengan permintaan.. semoga cocok di akunya.. makasi banyak min üòçü•∞
MAKE OVER Powerstay Glazed Lock Lip Pigment - D11 POMPOUS 2.0,Terjual 10 rb+,Rp119.200,4.9,N***a,bintang 5,"Warna oke, tahan lama."
MAKE OVER Powerstay Glazed Lock Lip Pigment - D11 POMPOUS 2.0,Terjual 10 rb+,Rp119.200,4.9,Ria,bintang 5,Polesan 1 kali utk bibir gelap warna kulit tan. Mayan lah
MAKE OVER Powerstay Glazed Lock Lip Pigment - D11 POMPOUS 2.0,Terjual 10 rb+,Rp119.200,4.9,Z***e,bintang 5,cepet sampenya dan untuk warna meskipun pink tapi ada hint coklatnya jdi buat kulit sawo matang masih cocok dan keliatan manis. ditambah tahan lama meskipun habis makan paling agak bolong di bagian dalemnya
MAKE OVER Powerstay Glazed Lock Lip Pigment - D11 POMPOUS 2.0,Terjual 10 rb+,Rp119.200,4.9,J***s,bintang 5,"Barang diterima dengan baik, tapi belum dicoba, semoga sesuai dengan kualitas. terima kasih seller."
MAKE OVER Powerstay Glazed Lock Lip Pigment - D11 POMPOUS 2.0,Terjual 10 rb+,Rp119.200,4.9,S***h,bintang 5,S***h
MAKE OVER Powerstay Glazed Lock Lip Pigment - D11 POMPOUS 2.0,Terjual 10 rb+,Rp119.200,4.9,O***a,bintang 5,"Kualitas baguuus, beneran ngeset after pemakaian 5 menit ngga geser, poto kedua shade dna yang sebelah kiri."
MAKE OVER Powerstay Glazed Lock Lip Pigment - D11 POMPOUS 2.0,Terjual 10 rb+,Rp119.200,4.9,Octavia,bintang 5,Matte dan semoga cocok dengan kulit bibir.
MAKE OVER Powerstay Glazed Lock Lip Pigment - D11 POMPOUS 2.0,Terjual 10 rb+,Rp119.200,4.9,winda,bintang 5,"Gak bikin bibir kering tentunya, bkin bibir jd glossy& aweet. Warnanya cocok buat kulit sawo matang&bibirku yg gelap üëçüèº"
MAKE OVER Powerstay Glazed Lock Lip Pigment - D11 POMPOUS 2.0,Terjual 10 rb+,Rp119.200,4.9,H***a,bintang 5,Aku gak make tapi udah pernah swatch warnanya bagus! Semoga kaka iparku sukaaüíóüíóüíó
MAKE OVER Powerstay Glazed Lock Lip Pigment - D11 POMPOUS 2.0,Terjual 10 rb+,Rp119.200,4.9,Eka,bintang 5,"Warnanya bagus sekali untuk kulit sawo matang. Formulanya luar biasa awetnya. Dipakai makan, masih stay dong üòÇ gokil"
MAKE OVER Powerstay Glazed Lock Lip Pigment - D11 POMPOUS 2.0,Terjual 10 rb+,Rp119.200,4.9,r***a,bintang 5,"aku suka teksturnya, pas dipake super ringan ga berasa berat & menggumpal kaya brand Maybel*ne, sama sekali gak transfer ke gelas jugaa kalo minum... agak pricey tp sangat2 worth the price. Btw ini warna hallway kaya burgundy gitu ü´∂üèª"
MAKE OVER Powerstay Glazed Lock Lip Pigment - D11 POMPOUS 2.0,Terjual 10 rb+,Rp119.200,4.9,N***i,bintang 5,"ringan, cover bibir gelap. bagus bagett deh pokoknya mahüòç"
MAKE OVER Powerstay Glazed Lock Lip Pigment - D11 POMPOUS 2.0,Terjual 10 rb+,Rp119.200,4.9,dewi,bintang 5,"warna cantik, sesuai expectasi, formulanya ringan di bibir, gl nge crack, sebagus itu, bakalan beli shade lainnya ü´∞ü´∞ü´∞"
MAKE OVER Powerstay Glazed Lock Lip Pigment - D11 POMPOUS 2.0,Terjual 10 rb+,Rp119.200,4.9,n***a,bintang 5,"bagus sih warnanya, sampe beberapa menit masih transfer rada glossy pertamanya lebih mirip dari mybline tapi ini lebih ringan"
MAKE OVER Powerstay Glazed Lock Lip Pigment - D11 POMPOUS 2.0,Terjual 10 rb+,Rp119.200,4.9,L***y,bintang 5,awalnya coklat lama lama ngepink .. texturenya emang ringan dan lembab
MAKE OVER Powerstay Glazed Lock Lip Pigment - D11 POMPOUS 2.0,Terjual 10 rb+,Rp119.200,4.9,Bambi,bintang 5,"cantik banget warnanya, sesuai ekspektasi.. mudah2an cocok dan nyaman dipakai lama.. thx seller"
MAKE OVER Powerstay Glazed Lock Lip Pigment - D11 POMPOUS 2.0,Terjual 10 rb+,Rp119.200,4.9,Arintya,bintang 5,"pigmented, coverage nya bagus, dibiarkan beberapa lama dia nggak meninggalkan bekas. Paket rapi, masih tersegel. terima kasih seller & kurir."
MAKE OVER Powerstay Glazed Lock Lip Pigment - D11 POMPOUS 2.0,Terjual 10 rb+,Rp119.200,4.9,a***u,bintang 5,warnanya perfect
MAKE OVER Powerstay Glazed Lock Lip Pigment - D11 POMPOUS 2.0,Terjual 10 rb+,Rp119.200,4.9,N***a,bintang 5,"mantap bangett, warnanya pink mauve agak deep gitu. suka deh"
MAKE OVER Powerstay Glazed Lock Lip Pigment - D11 POMPOUS 2.0,Terjual 10 rb+,Rp119.200,4.9,L***y,bintang 5,"lipstiknya awet di bibir,lembab jg,warna2 nya trend banget deh,selalu puas belanja di make over nih,‚ù§Ô∏è,packing nya rapi,exp msh lama jg,ramah admnya.makasih."
MAKE OVER Powerstay Glazed Lock Lip Pigment - D11 POMPOUS 2.0,Terjual 10 rb+,Rp119.200,4.9,nurhalizah,bintang 4,warna nya pink sedikit gelap di kulit aku. tapi bagus kok
MAKE OVER Powerstay Glazed Lock Lip Pigment - D11 POMPOUS 2.0,Terjual 10 rb+,Rp119.200,4.9,S***a,bintang 5,bagus BANGET HUAAAA. INI SHADES KELIMA YG AKU PUNYA. MAKEOVER GAMAU KIRIMIN AKU POWERSTAY GLAZED SATU TRUCKKKK APPPPAAAA? anw mampir **** ****** aku yaaa ***************** buat liat review lainnya!
MAKE OVER Powerstay Glazed Lock Lip Pigment - D11 POMPOUS 2.0,Terjual 10 rb+,Rp119.200,4.9,Hafidlotul,bintang 5,oke banget sii
MAKE OVER Powerstay Glazed Lock Lip Pigment - D11 POMPOUS 2.0,Terjual 10 rb+,Rp119.200,4.9,M***l,bintang 3,M***l
MAKE OVER Powerstay Glazed Lock Lip Pigment - D11 POMPOUS 2.0,Terjual 10 rb+,Rp119.200,4.9,Maureen,bintang 5,Bagusüëç
MAKE OVER Powerstay Glazed Lock Lip Pigment - D11 POMPOUS 2.0,Terjual 10 rb+,Rp119.200,4.9,Nunik,bintang 5,"Bagus banget. Ga nyesel deh beli nya. Warna lebih cerah dari pada yg di foto. Awet ga luntur, asal pemakaiannya sesuai petunjuk ya. Karena awet ga luntur, harus make remover utk membersihkan nya. Bibir sy termasuk yg kering.dan pecah¬≤, ga bagus kalau make lipstik, makanya jarang make lipstik lama¬≤. tapi make ini ga kering, bener kata deskripsinya uncrackable. Mantap deh. Baru make sekali, sy langsung pesan lagi utk warna lain...ü§©"
MAKE OVER Powerstay Glazed Lock Lip Pigment - D11 POMPOUS 2.0,Terjual 10 rb+,Rp119.200,4.9,Nunik,bintang 5,"Bagus banget. Ga nyesel deh beli nya. Warna lebih cerah dari pada yg di foto. Awet ga luntur, asal pemakaiannya sesuai petunjuk ya. Karena awet ga luntur, harus make remover utk membersihkan nya. Bibir sy termasuk yg kering.dan pecah¬≤, ga bagus kalau make lipstik, makanya jarang make lipstik lama¬≤. tapi make ini ga kering, bener kata deskripsinya uncrackable. Pengen beli varian yg lain...üòç"
MAKE OVER Powerstay Glazed Lock Lip Pigment - D11 POMPOUS 2.0,Terjual 10 rb+,Rp119.200,4.9,sarashanifati,bintang 5,Warnanya cantik banget parah
MAKE OVER Powerstay Glazed Lock Lip Pigment - D11 POMPOUS 2.0,Terjual 10 rb+,Rp119.200,4.9,Dewi,bintang 1,Dewi
MAKE OVER Powerstay Glazed Lock Lip Pigment - D11 POMPOUS 2.0,Terjual 10 rb+,Rp119.200,4.9,R***a,bintang 5,"bagus warnanya, tapi pengiriman lama sekali"
MAKE OVER Powerstay Glazed Lock Lip Pigment - D11 POMPOUS 2.0,Terjual 10 rb+,Rp119.200,4.9,a***t,bintang 5,cocok sebagai base ombre
MAKE OVER Powerstay Glazed Lock Lip Pigment - D11 POMPOUS 2.0,Terjual 10 rb+,Rp119.200,4.9,A***i,bintang 5,"ini titipan temenku. pengiriman cepet, affordable harganya & cakep shadenya!!"
MAKE OVER Powerstay Glazed Lock Lip Pigment - D11 POMPOUS 2.0,Terjual 10 rb+,Rp119.200,4.9,vivit,bintang 5,"pengiriman cepat, packing apik dan aman"
MAKE OVER Powerstay Glazed Lock Lip Pigment - D11 POMPOUS 2.0,Terjual 10 rb+,Rp119.200,4.9,siti,bintang 5,"bagus, dipake makan yg berminyak2 juga masih awet"
MAKE OVER Powerstay Glazed Lock Lip Pigment - D11 POMPOUS 2.0,Terjual 10 rb+,Rp119.200,4.9,Carissa,bintang 5,Cantik bgt warnanyaaa üòç
MAKE OVER Powerstay Glazed Lock Lip Pigment - D11 POMPOUS 2.0,Terjual 10 rb+,Rp119.200,4.9,L***s,bintang 5,Baguss bangettt!!!
MAKE OVER Powerstay Glazed Lock Lip Pigment - D11 POMPOUS 2.0,Terjual 10 rb+,Rp119.200,4.9,L***a,bintang 5,"awalnya beli vixen dan terlalu ngejreng dikulit sawo busukku, trs beli lg yg pompous ini trs gue ombre dan hasilnya sesuai harapan. bagussss bgt wooooy ga kering dibibir jd keliatan sehat. dipake pompousnya doang pun cakep nudenya bukan yg oren kaya stabilo jdnya dikulitku."
MAKE OVER Powerstay Glazed Lock Lip Pigment - D11 POMPOUS 2.0,Terjual 10 rb+,Rp119.200,4.9,t***i,bintang 5,"alhamdulillah warna ini cocok di skintone warna kulit aku untuk dipake sehari-hari... packing nya mevvah banget.. ketahanan gak usah diragukan lagi.. untuk seharga ini, bagiku lumayan berat harga nya tapi sebanding dengan kualitas nya.."
MAKE OVER Powerstay Glazed Lock Lip Pigment - D11 POMPOUS 2.0,Terjual 10 rb+,Rp119.200,4.9,Berly,bintang 5,semuanya oke
MAKE OVER Powerstay Glazed Lock Lip Pigment - D11 POMPOUS 2.0,Terjual 10 rb+,Rp119.200,4.9,N***n,bintang 5,Warna shade nya bagus. Belum dicoba mudah2an cocok di bibir dan bener2 transferproof sesuai klaim nya yaa. Pengirimannya lumayan lama menurutku. But overall is good. Cuma beli 1 tp packagingnya keren sih aman. Thanks seller üôèüèª
MAKE OVER Powerstay Glazed Lock Lip Pigment - D11 POMPOUS 2.0,Terjual 10 rb+,Rp119.200,4.9,V***a,bintang 1,V***a
MAKE OVER Powerstay Glazed Lock Lip Pigment - D11 POMPOUS 2.0,Terjual 10 rb+,Rp119.200,4.9,kenzi,bintang 5,Baru kali ini beli lipstik online langsung syuka parah warna nya hikssss mo nangis
MAKE OVER Powerstay Glazed Lock Lip Pigment - D11 POMPOUS 2.0,Terjual 10 rb+,Rp119.200,4.9,Nur,bintang 4,ga waterproof ga kisproof
MAKE OVER Powerstay Glazed Lock Lip Pigment - D11 POMPOUS 2.0,Terjual 10 rb+,Rp119.200,4.9,Ayu,bintang 5,Favvvvv
MAKE OVER Powerstay Glazed Lock Lip Pigment - D11 POMPOUS 2.0,Terjual 10 rb+,Rp119.200,4.9,A***e,bintang 5,"dateng lgsg dicoba buat makan mie rebus, alhamdulillah masih aman.. cakep warnaaanya sukaaa ü•∞"
MAKE OVER Powerstay Glazed Lock Lip Pigment - D11 POMPOUS 2.0,Terjual 10 rb+,Rp119.200,4.9,Yuni,bintang 5,"Packaging rapi, harga ramH di kantong, udah nyoba dan beneran transferproof, jadi gak usah bolak balik lipstikan lagi"
MAKE OVER Powerstay Glazed Lock Lip Pigment - D11 POMPOUS 2.0,Terjual 10 rb+,Rp119.200,4.9,Leila,bintang 5,pigmented prah keren suka banget!
MAKE OVER Powerstay Glazed Lock Lip Pigment - D11 POMPOUS 2.0,Terjual 10 rb+,Rp119.200,4.9,B***a,bintang 5,"Bagus banget tapi ternyata shade 01 itu pink yang natural warna bibir gitu jadi kaya ga pake lipstick sebenernya. Tapi tetep oke kok, thank you make over"
MAKE OVER Powerstay Glazed Lock Lip Pigment - D11 POMPOUS 2.0,Terjual 10 rb+,Rp119.200,4.9,wiwit,bintang 5,suka warna dan texture nya
MAKE OVER Powerstay Glazed Lock Lip Pigment - D11 POMPOUS 2.0,Terjual 10 rb+,Rp119.200,4.9,A***n,bintang 5,barang yang dikirim sesuai pesanan
MAKE OVER Powerstay Glazed Lock Lip Pigment - D11 POMPOUS 2.0,Terjual 10 rb+,Rp119.200,4.9,D***a,bintang 5,baguss packagingnya aman bgt blm aku coba sih mau dipake nanti pas kuliah
MAKE OVER Powerstay Glazed Lock Lip Pigment - D11 POMPOUS 2.0,Terjual 10 rb+,Rp119.200,4.9,s***y,bintang 5,s***y
MAKE OVER Powerstay Glazed Lock Lip Pigment - D11 POMPOUS 2.0,Terjual 10 rb+,Rp119.200,4.9,F***a,bintang 5,"ngesetnya agak lama tapi oke bgt! transferproof juga dan warnanya kusuka agak oren tp ga bgt, bisa dipake sendiri atau jd base ombre jg cakep"
MAKE OVER Powerstay Glazed Lock Lip Pigment - D11 POMPOUS 2.0,Terjual 10 rb+,Rp119.200,4.9,M***a,bintang 5,Bagus
MAKE OVER Powerstay Glazed Lock Lip Pigment - D11 POMPOUS 2.0,Terjual 10 rb+,Rp119.200,4.9,F***a,bintang 5,"Ringan bangen sukakü´∂üèº btw kalo difoto udah aku ombre sedikit sama lipcream lain, thankyou make over"
MAKE OVER Powerstay Glazed Lock Lip Pigment - D11 POMPOUS 2.0,Terjual 10 rb+,Rp119.200,4.9,T***i,bintang 5,UDAH LAMA NUNGGU VARIAN INI DAN SANGAT PUAAAASSSSü´∞ü´∞ü´∞ü´∞
MAKE OVER Powerstay Glazed Lock Lip Pigment - D11 POMPOUS 2.0,Terjual 10 rb+,Rp119.200,4.9,A***a,bintang 5,Bagus bagus bagus bagus
MAKE OVER Powerstay Glazed Lock Lip Pigment - D11 POMPOUS 2.0,Terjual 10 rb+,Rp119.200,4.9,Dihaz,bintang 4,"beli karena lagi hype, tapi gimana sih cara pakenya yg benerü§£, udah dikocok2 10 detik, udah ditunggu set 5 menit kok tetep transfer, D03 warna nude coklat kirain bakal agak mirip sama yg versi powerstay B07 ternyata jauh warnanya."
MAKE OVER Powerstay Glazed Lock Lip Pigment - D11 POMPOUS 2.0,Terjual 10 rb+,Rp119.200,4.9,L***a,bintang 3,"packaging nya ga segel plastik dari pabrik , lbh ok jika plastik segel pabrik tapi packaging kemasan pengiriman aman sekali karena pakai buble wrap dan dus meskipun kalian hanya pesan 1 pcs"
MAKE OVER Powerstay Glazed Lock Lip Pigment - D11 POMPOUS 2.0,Terjual 10 rb+,Rp119.200,4.9,P***a,bintang 5,Warnanya pas bgt di skin tone aku. Ketahanannya juga mantepp. Aku make buat kondangan dari jam 9 pagi sampe sore masih cakepüëç
MAKE OVER Powerstay Glazed Lock Lip Pigment - D11 POMPOUS 2.0,Terjual 10 rb+,Rp119.200,4.9,a***t,bintang 5,"sangat pigmented, tunggu lama baru bisa ngeset dengan benar"
MAKE OVER Powerstay Glazed Lock Lip Pigment - D11 POMPOUS 2.0,Terjual 10 rb+,Rp119.200,4.9,Oktaviani,bintang 5,mantul pokok
MAKE OVER Powerstay Glazed Lock Lip Pigment - D11 POMPOUS 2.0,Terjual 10 rb+,Rp119.200,4.9,Y***a,bintang 5,suka dengan kualitas produk hanya pengiriman agak lama krn peralihan akhir tahun mungkin
MAKE OVER Powerstay Glazed Lock Lip Pigment - D11 POMPOUS 2.0,Terjual 10 rb+,Rp119.200,4.9,J***a,bintang 5,"Bagus bgt yg shade d01 soft pink di kulit aku light warm undertone, TAHAN LAMA BANGET TAPI NGGA KERING dipake makan jg msh bagus cmn ilang glossy nya tp ga patchy. Jadi mau beli warna lain juga hahaha"
MAKE OVER Powerstay Glazed Lock Lip Pigment - D11 POMPOUS 2.0,Terjual 10 rb+,Rp119.200,4.9,Santi,bintang 5,"mantap banget lipstiknya awet banget seharian, terus dikasih bonus eyeshadow pallette pula... senang banget thank youuuu make over"
MAKE OVER Powerstay Glazed Lock Lip Pigment - D11 POMPOUS 2.0,Terjual 10 rb+,Rp119.200,4.9,Raihana,bintang 5,"warna karma ini, omg! bright red pengantin gt deh. di light-medium skintone. neutral undertone jadinya merah, ada pink nya sdkt. bagusss. msh transfer stlh 3 menit. mungkin aku blm bisa pakenya üòÖ"
MAKE OVER Powerstay Glazed Lock Lip Pigment - D11 POMPOUS 2.0,Terjual 10 rb+,Rp119.200,4.9,Bella,bintang 5,Warnanya bagus bangeeeettt!!!! Dibawa buat makan minum tetep stayüò≠‚ù§Ô∏è‚ù§Ô∏è
MAKE OVER Powerstay Glazed Lock Lip Pigment - D11 POMPOUS 2.0,Terjual 10 rb+,Rp119.200,4.9,rosfitasari,bintang 5,Lippen anti badai huru hara!!!! Luar biasa ketahanannya. Tahan bantiiing makan minum semuanyaaaa. Cm glossnya aja yg kurang mengkilat. Warnanya cantiiik ü•∞ü•∞ü•∞
MAKE OVER Powerstay Glazed Lock Lip Pigment - D11 POMPOUS 2.0,Terjual 10 rb+,Rp119.200,4.9,R***i,bintang 4,baguuuuus bangetttt. lafffff
MAKE OVER Powerstay Glazed Lock Lip Pigment - D11 POMPOUS 2.0,Terjual 10 rb+,Rp119.200,4.9,N***a,bintang 5,"bagus banget warnanya, ringan di bibir, awet dan benar-benar transferproof"
MAKE OVER Powerstay Glazed Lock Lip Pigment - D11 POMPOUS 2.0,Terjual 10 rb+,Rp119.200,4.9,l***e,bintang 5,barusan aku swatch warnanya cantik banget‚ù§‚ù§
MAKE OVER Powerstay Glazed Lock Lip Pigment - D11 POMPOUS 2.0,Terjual 10 rb+,Rp119.200,4.9,Leoni,bintang 5,Cocok.
MAKE OVER Powerstay Glazed Lock Lip Pigment - D11 POMPOUS 2.0,Terjual 10 rb+,Rp119.200,4.9,Gamma,bintang 5,"ini pembelian ke 4 karena awet dan ga bikin bibir keringnya terbukti, terimakasih bonusnya."
MAKE OVER Powerstay Glazed Lock Lip Pigment - D11 POMPOUS 2.0,Terjual 10 rb+,Rp119.200,4.9,S***a,bintang 5,"selalu jatuh cinta sama lip product dari makeover, warna nya cocok buat base ombre"
MAKE OVER Powerstay Glazed Lock Lip Pigment - D11 POMPOUS 2.0,Terjual 10 rb+,Rp119.200,4.9,Wuri,bintang 5,"packaging aman, mantap, warna pigmented, glossy tp transferproof, üëçü§ó thx seller"
MAKE OVER Powerstay Glazed Lock Lip Pigment - D11 POMPOUS 2.0,Terjual 10 rb+,Rp119.200,4.9,A***a,bintang 5,"cakep bgt warnanya ü§©, kalo di bibir aku ngga se long last itu tpi masih paling oke ketimbang lip lainnya ü´∂"
MAKE OVER Powerstay Glazed Lock Lip Pigment - D11 POMPOUS 2.0,Terjual 10 rb+,Rp119.200,4.9,Hairliana,bintang 5,ringan glossy tahan lama bangett suka bangettt bakal beli lagi sih packagingnya juga gemes mewah bgt. untuk warna ini nude bgt sih cocok buat diombre. thankss
MAKE OVER Powerstay Glazed Lock Lip Pigment - D11 POMPOUS 2.0,Terjual 10 rb+,Rp119.200,4.9,L***h,bintang 5,bagus bgt
MAKE OVER Powerstay Glazed Lock Lip Pigment - D11 POMPOUS 2.0,Terjual 10 rb+,Rp119.200,4.9,E***a,bintang 5,bagus bgtt
MAKE OVER Powerstay Glazed Lock Lip Pigment - D11 POMPOUS 2.0,Terjual 10 rb+,Rp119.200,4.9,Dwi,bintang 5,"baru mau cona powerstay glazed lock lip pigment, semoga cocok"
MAKE OVER Powerstay Glazed Lock Lip Pigment - D11 POMPOUS 2.0,Terjual 10 rb+,Rp119.200,4.9,Dyah,bintang 5,suka
MAKE OVER Powerstay Glazed Lock Lip Pigment - D11 POMPOUS 2.0,Terjual 10 rb+,Rp119.200,4.9,G***h,bintang 4,bagus.. tapi warna ny ga cocok
MAKE OVER Powerstay Glazed Lock Lip Pigment - D11 POMPOUS 2.0,Terjual 10 rb+,Rp119.200,4.9,Chinta,bintang 5,"parah sebagus ituhhhhhhhhh,lover warnanya Keren bgt sih"
MAKE OVER Powerstay Glazed Lock Lip Pigment - D11 POMPOUS 2.0,Terjual 10 rb+,Rp119.200,4.9,R***a,bintang 5,Shade langka ini.. ssh bgt kmrn dicari.. bagus warnanya bikin fresh.. tku
MAKE OVER Powerstay Glazed Lock Lip Pigment - D11 POMPOUS 2.0,Terjual 10 rb+,Rp119.200,4.9,maya,bintang 5,"Ringan banget dibibir, ga yg lengket bgtt. Warnanya cantikkkk pol"
MAKE OVER Powerstay Glazed Lock Lip Pigment - D11 POMPOUS 2.0,Terjual 10 rb+,Rp119.200,4.9,Susianty,bintang 4,"D11 warnanya nude banget, buat bibir sy yg hitam jatuhnya jd biasa aja, sayang sekali, pdhl lipstiknya bagus"
MAKE OVER Powerstay Glazed Lock Lip Pigment - D11 POMPOUS 2.0,Terjual 10 rb+,Rp119.200,4.9,R***a,bintang 5,baguussss nempel teruuss udh makn minum. mauu beli lagi warna lain ü•∞
MAKE OVER Powerstay Glazed Lock Lip Pigment - D11 POMPOUS 2.0,Terjual 10 rb+,Rp119.200,4.9,Tri,bintang 5,"ringan banget dipake dibibir, hasil akhirnya juga oke, next mau nyoba warna lain ‚ò∫Ô∏è terimakasih"
MAKE OVER Powerstay Glazed Lock Lip Pigment - D11 POMPOUS 2.0,Terjual 10 rb+,Rp119.200,4.9,D***a,bintang 5,bagus warnanya merah bgt gak gampang ilang warnanya
MAKE OVER Powerstay Glazed Lock Lip Pigment - D11 POMPOUS 2.0,Terjual 10 rb+,Rp119.200,4.9,A***e,bintang 4,"Di aku yang bibir nya agak gelap, pake NEVER jadi seperti mlbb. One tone darker dari yg shade LOVER. Butuh sekitar 10 menit an untuk dia ngeset dan transferproof."
MAKE OVER Powerstay Glazed Lock Lip Pigment - D11 POMPOUS 2.0,Terjual 10 rb+,Rp119.200,4.9,D***i,bintang 5,Bener2 transferproof. Jd pengen koleksi semua warna..
MAKE OVER Powerstay Glazed Lock Lip Pigment - D11 POMPOUS 2.0,Terjual 10 rb+,Rp119.200,4.9,Aldilla,bintang 5,terimakasih barang sdh diterima dgn baik
MAKE OVER Powerstay Glazed Lock Lip Pigment - D11 POMPOUS 2.0,Terjual 10 rb+,Rp119.200,4.9,Intan,bintang 5,favorit banget next beli lg
MAKE OVER Powerstay Glazed Lock Lip Pigment - D11 POMPOUS 2.0,Terjual 10 rb+,Rp119.200,4.9,k***i,bintang 5,bagus bangetü•∞
MAKE OVER Powerstay Glazed Lock Lip Pigment - D11 POMPOUS 2.0,Terjual 10 rb+,Rp119.200,4.9,D***n,bintang 5,"Packaging produknya mewah banget ya, warna sesuai pesanan, harga juga promo. Puas banget. Jadi mau koleksi semua warna hehehe"
MAKE OVER Powerstay Glazed Lock Lip Pigment - D11 POMPOUS 2.0,Terjual 10 rb+,Rp119.200,4.9,S***i,bintang 5,lipstick ini sebenernya bagus. tapi dikulitku yg sawo busuk plus bibir gelap kayaknya warna ini kurang masuk deh. love hate sih sebenernya. suka sama formulasinya tapi shadenya gak cocok. next mungkin mau nyoba shade lain. wish me luck
MAKE OVER Powerstay Glazed Lock Lip Pigment - D11 POMPOUS 2.0,Terjual 10 rb+,Rp119.200,4.9,stephanie,bintang 5,"warna aslinya lebih gelap dr di foto,"
MAKE OVER Powerstay Glazed Lock Lip Pigment - D11 POMPOUS 2.0,Terjual 10 rb+,Rp119.200,4.9,Aini,bintang 5,Suka bangettt makasih banyakk make over bagus sekali produknya sukakk
MAKE OVER Powerstay Glazed Lock Lip Pigment - D11 POMPOUS 2.0,Terjual 10 rb+,Rp119.200,4.9,Bambang,bintang 5,cepat sampai
MAKE OVER Powerstay Glazed Lock Lip Pigment - D11 POMPOUS 2.0,Terjual 10 rb+,Rp119.200,4.9,G***i,bintang 5,"Super baguuuussss, ringan, transfer proof, glassy, ngga crack."
MAKE OVER Powerstay Glazed Lock Lip Pigment - D11 POMPOUS 2.0,Terjual 10 rb+,Rp119.200,4.9,D***n,bintang 5,klo bintang nya 5....brarti lbh dari bagus kan kealitas lipstik ini...sesuai deskripsi banget...
MAKE OVER Powerstay Glazed Lock Lip Pigment - D11 POMPOUS 2.0,Terjual 10 rb+,Rp119.200,4.9,d***a,bintang 5,d***a
MAKE OVER Powerstay Glazed Lock Lip Pigment - D11 POMPOUS 2.0,Terjual 10 rb+,Rp119.200,4.9,N***a,bintang 5,Mantep terbukti ga ilang abis makan ü•∞üòò
MAKE OVER Powerstay Glazed Lock Lip Pigment - D11 POMPOUS 2.0,Terjual 10 rb+,Rp119.200,4.9,Ananda,bintang 5,bagus banget.. ori juga
MAKE OVER Powerstay Glazed Lock Lip Pigment - D11 POMPOUS 2.0,Terjual 10 rb+,Rp119.200,4.9,A***a,bintang 5,"Warnanya sesuai yg aku bayangin!!! suka banget merah kayak gini üòç bagian bibir bawah keliatan halus setelah pake ini. Teksturnya juga ringan dan kalau diaplikasikan sesuai cara pakai beneran nggak lengket. packaging keliatan classy. minus nya kalau bibir dikecupin ke punggung tangan, glossy nya berkurang (warnanya masih tetap di bibir). overall tetep bagus dan sesuai harga. so far belum pernah dikecewain sama produk dari Make Over üòç"
MAKE OVER Powerstay Glazed Lock Lip Pigment - D11 POMPOUS 2.0,Terjual 10 rb+,Rp119.200,4.9,Kiki,bintang 5,Kiki
MAKE OVER Powerstay Glazed Lock Lip Pigment - D11 POMPOUS 2.0,Terjual 10 rb+,Rp119.200,4.9,L***s,bintang 5,baguuuszsssz bngettt dibawa makan apapun ga ilanggüò≠üò≠ pngen cobain semua warna deh
MAKE OVER Powerstay Glazed Lock Lip Pigment - D11 POMPOUS 2.0,Terjual 10 rb+,Rp119.200,4.9,S***y,bintang 4,"ku pikir akan berwarna agak orange peach2 gitu . ternyt malah agak gelap di bibir ak.. utk packaging, pengiriman dll semua oke.. makasih seller"
MAKE OVER Powerstay Glazed Lock Lip Pigment - D11 POMPOUS 2.0,Terjual 10 rb+,Rp119.200,4.9,Eka,bintang 5,"bahannya ringan, warna oke, kualitas mantap. sukses selaluuuu make over"
MAKE OVER Powerstay Glazed Lock Lip Pigment - D11 POMPOUS 2.0,Terjual 10 rb+,Rp119.200,4.9,S***a,bintang 5,"package nya baguss bgtt hehe padah cuman 1 biji, pengirimannya jg cepett"
MAKE OVER Powerstay Glazed Lock Lip Pigment - D11 POMPOUS 2.0,Terjual 10 rb+,Rp119.200,4.9,s***h,bintang 5,Cakep shadenyaüò≠ Juara banget sih makeover
MAKE OVER Powerstay Glazed Lock Lip Pigment - D11 POMPOUS 2.0,Terjual 10 rb+,Rp119.200,4.9,R***i,bintang 5,"Nggak ngerti deh kok ini jarang ada yg beli. Padahal secantik itu warnanya. Super cantik warna merahnya yg seger bgt. Nggak bisa kasih foto karna ada proses download. Sudah berkali2 coba, tetep susah. Sorry. But I do love this Lip cream. Karma is super cool color. Thank you make over for producing such a great masterpiece üòçü•∞üíãüíÑ"
MAKE OVER Powerstay Glazed Lock Lip Pigment - D11 POMPOUS 2.0,Terjual 10 rb+,Rp119.200,4.9,sia,bintang 5,"warna dibibir benar gak transfer dan waktu cuci muka juga tdk luntur,"
MAKE OVER Powerstay Glazed Lock Lip Pigment - D11 POMPOUS 2.0,Terjual 10 rb+,Rp119.200,4.9,Asti,bintang 5,"Ketika sudah nge-set. Kiri ke kanan: Lover, DNA, Summertime Atas ke bawah: Summertime, DNA, Lover. DNA seperti versi lebih nude dari Summertime."
MAKE OVER Powerstay Glazed Lock Lip Pigment - D11 POMPOUS 2.0,Terjual 10 rb+,Rp119.200,4.9,Asti,bintang 5,Suka warnanya!
MAKE OVER Powerstay Glazed Lock Lip Pigment - D11 POMPOUS 2.0,Terjual 10 rb+,Rp119.200,4.9,Asti,bintang 5,"DNA nude peach yang ga mikir buat dipakai daily, lebih terang/light daripada Summetime."
MAKE OVER Powerstay Glazed Lock Lip Pigment - D11 POMPOUS 2.0,Terjual 10 rb+,Rp119.200,4.9,ratih,bintang 4,pengiriman nya lamaaa bangeeetttt.. selain itu sih bagus semuaaa
MAKE OVER Powerstay Glazed Lock Lip Pigment - D11 POMPOUS 2.0,Terjual 10 rb+,Rp119.200,4.9,s***i,bintang 5,Warnanya bagusss
MAKE OVER Powerstay Glazed Lock Lip Pigment - D11 POMPOUS 2.0,Terjual 10 rb+,Rp119.200,4.9,Dita,bintang 5,"Ringan, glossy, cakep lah buat pengganti si M boikot"
MAKE OVER Powerstay Glazed Lock Lip Pigment - D11 POMPOUS 2.0,Terjual 10 rb+,Rp119.200,4.9,A***a,bintang 3,A***a
MAKE OVER Powerstay Glazed Lock Lip Pigment - D11 POMPOUS 2.0,Terjual 10 rb+,Rp119.200,4.9,Widya,bintang 5,Gak transfer samsekk. Pigmented cakepp
MAKE OVER Powerstay Glazed Lock Lip Pigment - D11 POMPOUS 2.0,Terjual 10 rb+,Rp119.200,4.9,P***i,bintang 5,Pengiriman lama bangetttt
MAKE OVER Powerstay Glazed Lock Lip Pigment - D11 POMPOUS 2.0,Terjual 10 rb+,Rp119.200,4.9,S***a,bintang 5,aku udah purchase yg ke-4 kali nihüò≠üò≠üò≠. makeover gamau kirimin aku lip glazed segudang apa?????????
MAKE OVER Powerstay Glazed Lock Lip Pigment - D11 POMPOUS 2.0,Terjual 10 rb+,Rp119.200,4.9,M,bintang 5,"packaging aman banget, seller gercep, cuman ekspedisi aja agak lama. saya beli shade vintage ternyata agak gelap di kulit sy. tekstur lipstik lebih ringan daripada saingannya si v*nyl. water proof, oil proof, besok insyaallah bakal beli lagi shade lain."
MAKE OVER Powerstay Glazed Lock Lip Pigment - D11 POMPOUS 2.0,Terjual 10 rb+,Rp119.200,4.9,R***a,bintang 5,"Bagusss gila awet bangett, suka pokoknya"
MAKE OVER Powerstay Glazed Lock Lip Pigment - D11 POMPOUS 2.0,Terjual 10 rb+,Rp119.200,4.9,Y***y,bintang 5,"Barang sudah diterima dengan baik, terimakasih. Saya beli barangnya"
MAKE OVER Powerstay Glazed Lock Lip Pigment - D11 POMPOUS 2.0,Terjual 10 rb+,Rp119.200,4.9,Mugi,bintang 5,"enak ngga bikin kering, tapi kehabisan iykyk uey, ehh dapet harga diskon. gambar pertama kamera belakang, kedua kamera depan"
MAKE OVER Powerstay Glazed Lock Lip Pigment - D11 POMPOUS 2.0,Terjual 10 rb+,Rp119.200,4.9,A***a,bintang 5,Suka dengan tekstur & ketahanan
MAKE OVER Powerstay Glazed Lock Lip Pigment - D11 POMPOUS 2.0,Terjual 10 rb+,Rp119.200,4.9,F***a,bintang 5,cakeeepp...
MAKE OVER Powerstay Glazed Lock Lip Pigment - D11 POMPOUS 2.0,Terjual 10 rb+,Rp119.200,4.9,Rosi,bintang 5,"Agak kering ya di bibir, warnanya ternyata pucat di bibirku"
MAKE OVER Powerstay Glazed Lock Lip Pigment - D11 POMPOUS 2.0,Terjual 10 rb+,Rp119.200,4.9,N***r,bintang 2,"Paketku hilang (kurir tidak antar ke rumah Ku, melainkan ke rumah orang lain) n saat complain gak ada tanggapan dari toko sampai batas waktu complain selesai. akhirnya dana tetep tidak ter refund. padahal dinanti banget ni paket tp malah gak dapet üò≠ Aku ajuin complain lewat Tokopedia care baru dapet tanggapan n alhamdulillah ke refund walaupun butuh waktu hampir 1 bulan lama nya. Semoga next toko bisa lebih baik dalam pelayanan apabila ada complain üôè"
MAKE OVER Powerstay Glazed Lock Lip Pigment - D11 POMPOUS 2.0,Terjual 10 rb+,Rp119.200,4.9,N***i,bintang 5,pengiriman lama sekali
MAKE OVER Powerstay Glazed Lock Lip Pigment - D11 POMPOUS 2.0,Terjual 10 rb+,Rp119.200,4.9,Lia,bintang 5,No transfer dan tahan sampe hampir seharian. Warnanya soft cantik
MAKE OVER Powerstay Glazed Lock Lip Pigment - D11 POMPOUS 2.0,Terjual 10 rb+,Rp119.200,4.9,A***s,bintang 5,"bagus, lembab, awet, powerstay indeed, suka warnanya juga, dikemas dg baik jg üòç"
MAKE OVER Powerstay Glazed Lock Lip Pigment - D11 POMPOUS 2.0,Terjual 10 rb+,Rp119.200,4.9,Siti,bintang 5,"warna pas... biasa pakai powerstay vivid varian xoxo, pakai yg glazed ini warna DNA agak mirip lah..."
MAKE OVER Powerstay Glazed Lock Lip Pigment - D11 POMPOUS 2.0,Terjual 10 rb+,Rp119.200,4.9,Madeleine,bintang 5,"Glazed yg kedua, suka bangeeet terbaiksss"
MAKE OVER Powerstay Glazed Lock Lip Pigment - D11 POMPOUS 2.0,Terjual 10 rb+,Rp119.200,4.9,E***a,bintang 5,jatuh cinta sih sama produk viral ini. next mau order shade lain.
MAKE OVER Powerstay Glazed Lock Lip Pigment - D11 POMPOUS 2.0,Terjual 10 rb+,Rp119.200,4.9,D***h,bintang 5,"sesuai review orang2 si, bner2 baguuss dan ga transferproof huhuu sblmnya dulu aku pengguna vinyl ink merk sblh tpi make over ttp besstt si soalnya merk sblh di aku ga trasferproofüò≠üò≠ thank u yaa buat pompous dibibirku yg pinggirnya gelap finishnya jdi coklat kemerahan gtuu"
MAKE OVER Powerstay Glazed Lock Lip Pigment - D11 POMPOUS 2.0,Terjual 10 rb+,Rp119.200,4.9,Sulistyawati,bintang 4,bagus sih tp warna kurang sesuai ekspektasi. lebih gelap daripada di gambar
MAKE OVER Powerstay Glazed Lock Lip Pigment - D11 POMPOUS 2.0,Terjual 10 rb+,Rp119.200,4.9,H***a,bintang 5,"udah dicoba buat makan berminyak, minum sampe keujanan 2x juga ga ilang. stainnya mantul lah, sayangnya kurang cocok dikit sama shadenya. mungkin buat shade d01-d04 diperbanyak lagi dong stocknyaa mau beli soalnya tapi susah dapetnya"
MAKE OVER Powerstay Glazed Lock Lip Pigment - D11 POMPOUS 2.0,Terjual 10 rb+,Rp119.200,4.9,Vania,bintang 5,bagus warnanya
MAKE OVER Powerstay Glazed Lock Lip Pigment - D11 POMPOUS 2.0,Terjual 10 rb+,Rp119.200,4.9,Jenal,bintang 5,"Barangnya bagus, warnanya juga bagus. Ibu saya suka"
MAKE OVER Powerstay Glazed Lock Lip Pigment - D11 POMPOUS 2.0,Terjual 10 rb+,Rp119.200,4.9,Aa,bintang 5,"Terbaikkkkkk suka bgttttt warnanya ga Nora, keren poqonya,,,tqü§©ü§©ü§©ü§©ü§©ü§©ü§©ü§©ü•∞"
MAKE OVER Powerstay Glazed Lock Lip Pigment - D11 POMPOUS 2.0,Terjual 10 rb+,Rp119.200,4.9,Merry,bintang 5,"enak dipakai, mirip may$@+$;;;!ne. bener2 awet meskipun setelah habis makan"
MAKE OVER Powerstay Glazed Lock Lip Pigment - D11 POMPOUS 2.0,Terjual 10 rb+,Rp119.200,4.9,M***a,bintang 5,"Bahannya ringan, gloosy, tapi belum dicoba apakah benar Transferproof atau nggak, tapi warna cakep sih, natural kl di kulit sawo matang, packingan juga super aman dan super rapih walaupun hanya order 1 pcs Lipcream saja dan dapat harga FLASH SALE pula, lumayan banget...üëåüôèüòÅ"
MAKE OVER Powerstay Glazed Lock Lip Pigment - D11 POMPOUS 2.0,Terjual 10 rb+,Rp119.200,4.9,E***n,bintang 5,paket dalam kondisi terbungkus rapi dan aman recommended seller
MAKE OVER Powerstay Glazed Lock Lip Pigment - D11 POMPOUS 2.0,Terjual 10 rb+,Rp119.200,4.9,A***e,bintang 5,bagus bangetttttt
MAKE OVER Powerstay Glazed Lock Lip Pigment - D11 POMPOUS 2.0,Terjual 10 rb+,Rp119.200,4.9,A***e,bintang 5,bagus bangetttttttttttt
MAKE OVER Powerstay Glazed Lock Lip Pigment - D11 POMPOUS 2.0,Terjual 10 rb+,Rp119.200,4.9,Maya,bintang 5,Maya
MAKE OVER Powerstay Glazed Lock Lip Pigment - D11 POMPOUS 2.0,Terjual 10 rb+,Rp119.200,4.9,G***a,bintang 5,"Warnanya intens, sayangnya terlalu bright untuk skin tone kuning langsat / warm skin tone. Awal dipakai lengket banget ya. Setelah beberapa menit baru nge-set dan gak pliket. Beneran bisa cover pinggiran bibir yang gelap. Lumayan tahan lama. Pas minum tetap transfer dikit di pinggiran gelas. Kalau makan yang berminyak seperti pastry atau gorengan ya bhay."
MAKE OVER Powerstay Glazed Lock Lip Pigment - D11 POMPOUS 2.0,Terjual 10 rb+,Rp119.200,4.9,z***a,bintang 5,belum dicoba sih tp semoga awettt
MAKE OVER Powerstay Glazed Lock Lip Pigment - D11 POMPOUS 2.0,Terjual 10 rb+,Rp119.200,4.9,T***o,bintang 5,"lama pengiriman aja .. kl produk nga usah diragukan , hallway warnanya merah maroon yg deep . ini cm pencahayaan sehingga kelihatan terang"
MAKE OVER Powerstay Glazed Lock Lip Pigment - D11 POMPOUS 2.0,Terjual 10 rb+,Rp119.200,4.9,A***i,bintang 5,A***i
MAKE OVER Powerstay Glazed Lock Lip Pigment - D11 POMPOUS 2.0,Terjual 10 rb+,Rp119.200,4.9,Vania,bintang 5,"tidak terlalu transferproof, tapi masih awet utk dipakai makan dan minum, exp 2026"
MAKE OVER Powerstay Glazed Lock Lip Pigment - D11 POMPOUS 2.0,Terjual 10 rb+,Rp119.200,4.9,H***a,bintang 4,"warnanya bagus, ketahanan mantep. tapi apa aku aja ya yg ngerasain kalo ini kering bangetttt dibibir?"
MAKE OVER Powerstay Glazed Lock Lip Pigment - D11 POMPOUS 2.0,Terjual 10 rb+,Rp119.200,4.9,Amanda,bintang 5,"ternyata terlalu pucet warna nya, salah pilih warna nih"
MAKE OVER Powerstay Glazed Lock Lip Pigment - D11 POMPOUS 2.0,Terjual 10 rb+,Rp119.200,4.9,f***a,bintang 5,"suka bgt! no lengket dan ga cracking, stainnya juaraa padahal udah dipake makan, minum, wudhu tapi masih ada üòç"
MAKE OVER Powerstay Glazed Lock Lip Pigment - D11 POMPOUS 2.0,Terjual 10 rb+,Rp119.200,4.9,Khusnun,bintang 5,"bagus bangeeettt, beneran transferproof, ga lengket, awet seharian <3"
MAKE OVER Powerstay Glazed Lock Lip Pigment - D11 POMPOUS 2.0,Terjual 10 rb+,Rp119.200,4.9,ilham,bintang 5,"pengemasannya bagus dipakein kardus, pokoknya bagus, terima kasih kak"
MAKE OVER Powerstay Glazed Lock Lip Pigment - D11 POMPOUS 2.0,Terjual 10 rb+,Rp119.200,4.9,J***n,bintang 5,"bahannya ringan, tapi agak lengket ya, sepertinya matte nya agak lama. warnanya baguss, aku suka."
MAKE OVER Powerstay Glazed Lock Lip Pigment - D11 POMPOUS 2.0,Terjual 10 rb+,Rp119.200,4.9,ike,bintang 5,bagus bangeeeettttt
MAKE OVER Powerstay Glazed Lock Lip Pigment - D11 POMPOUS 2.0,Terjual 10 rb+,Rp119.200,4.9,Rezki,bintang 5,"Yayy sudah sampai. Warnanya bagus, bukan orange terang ya klo dibibir & skin tone saya. Orange natural gitu. Exp date masih lamaa. Thnak you"
MAKE OVER Powerstay Glazed Lock Lip Pigment - D11 POMPOUS 2.0,Terjual 10 rb+,Rp119.200,4.9,Y***e,bintang 5,lipstiknya bagus banget. ringan dibibir dan engga crack.tahan buat makan minum..keren
MAKE OVER Powerstay Glazed Lock Lip Pigment - D11 POMPOUS 2.0,Terjual 10 rb+,Rp119.200,4.9,E***a,bintang 4,"Jujur nyesel ambil warna pompous, ternyata warnanya PINK PUCAT, pink yang buat base kalo kita mau ombre gitu ya guys.. Gak ada hint orange-nya sama sekali seperti review orang-orang atau foto dari makeovernya üò≠üò≠üíîüíî Teksturnya agak lengket, tapi emang lebih ringan dari tetangga sebelah.. Andai warna nya sesuai ekspektasi, bakal ku kasih bintang 5 sih ini üò≠üíîüò≤"
MAKE OVER Powerstay Glazed Lock Lip Pigment - D11 POMPOUS 2.0,Terjual 10 rb+,Rp119.200,4.9,N***h,bintang 5,bagus warnanya. cerah
MAKE OVER Powerstay Glazed Lock Lip Pigment - D11 POMPOUS 2.0,Terjual 10 rb+,Rp119.200,4.9,Dinda,bintang 5,Lets try. Kotak packing terkena basah
MAKE OVER Powerstay Glazed Lock Lip Pigment - D11 POMPOUS 2.0,Terjual 10 rb+,Rp119.200,4.9,s***a,bintang 5,warnanya bagus lembab dibibir
MAKE OVER Powerstay Glazed Lock Lip Pigment - D11 POMPOUS 2.0,Terjual 10 rb+,Rp119.200,4.9,D***a,bintang 5,Warnanya persis dg yg sky nya stick crayon. bagus buat jadi best ombre utk skintone medium to light... utk lip glaze menurutku berat kl buat sehari-hari. kerasa banget ky pake lipmatte nya. cm enggak lengket ky si M
MAKE OVER Powerstay Glazed Lock Lip Pigment - D11 POMPOUS 2.0,Terjual 10 rb+,Rp119.200,4.9,A***i,bintang 5,A***i
MAKE OVER Powerstay Glazed Lock Lip Pigment - D11 POMPOUS 2.0,Terjual 10 rb+,Rp119.200,4.9,S***a,bintang 5,suka bgt sama lippennya
MAKE OVER Powerstay Glazed Lock Lip Pigment - D11 POMPOUS 2.0,Terjual 10 rb+,Rp119.200,4.9,T***o,bintang 5,cakepppppp
MAKE OVER Powerstay Glazed Lock Lip Pigment - D11 POMPOUS 2.0,Terjual 10 rb+,Rp119.200,4.9,Erinintyani,bintang 5,"Makeover emg gak pernah failed lippie nya. Belum cobain yg versi hydra stay udh nongol ini dong. Warnanya cantikkkkkk bgt, look akhir glossy. Ak pakai terus sarapan nasi uduk gak stain, masih nempel. Suka bgt plus dapst diskon juga kemarin. Sering"" ya promonya üòç"
MAKE OVER Powerstay Glazed Lock Lip Pigment - D11 POMPOUS 2.0,Terjual 10 rb+,Rp119.200,4.9,Quiny,bintang 5,enak dipakai tidak lengket dan warna nya sesuai
MAKE OVER Powerstay Glazed Lock Lip Pigment - D11 POMPOUS 2.0,Terjual 10 rb+,Rp119.200,4.9,Dinda,bintang 5,"Setelah wear test nih produk dan selama udah ngikutin cara pakainya, hasilnya emang cakep banget, nyaman dipakainya, dan definisi beneran tahan banting. Cuma di-apply nya agak tricky karena jangan sampe ketebelan terus di bibir ku harus hapus lip balm yg belum keserap bibir biar dapat hasil dan performanya. Soal shade, Pompous 2.0 warna mlbb banget dan dijamin cocok di semua kulit üëåüèΩ"
MAKE OVER Powerstay Glazed Lock Lip Pigment - D11 POMPOUS 2.0,Terjual 10 rb+,Rp119.200,4.9,M***i,bintang 5,M***i
MAKE OVER Powerstay Glazed Lock Lip Pigment - D11 POMPOUS 2.0,Terjual 10 rb+,Rp119.200,4.9,Alviera,bintang 5,"Pengiriman cepat, packing aman, warna lipsticknya cantik, sukaaa‚Ä¶"
MAKE OVER Powerstay Glazed Lock Lip Pigment - D11 POMPOUS 2.0,Terjual 10 rb+,Rp119.200,4.9,O***e,bintang 5,"lembut , cakep warnanya"
MAKE OVER Powerstay Glazed Lock Lip Pigment - D11 POMPOUS 2.0,Terjual 10 rb+,Rp119.200,4.9,N***i,bintang 5,"Ringan dipakai, awet, puas"
MAKE OVER Powerstay Glazed Lock Lip Pigment - D11 POMPOUS 2.0,Terjual 10 rb+,Rp119.200,4.9,Marsa,bintang 5,Lipstiknya bagus mudah2 an sesuai review tahan lama minus nya Ekspedisinya terlalu lama banget ekspedisi lain gak selama ini
MAKE OVER Powerstay Glazed Lock Lip Pigment - D11 POMPOUS 2.0,Terjual 10 rb+,Rp119.200,4.9,S***a,bintang 5,"warna nya cantik banget ga begitu gonjreng, minusnya kardus kemasan penyok karena cuma dilapis kemasan buble wrap aja gaada kardusnya. tapi kualitasnya oke banget kok jadi pengen beli warna lain. thanks sellerüòä"
MAKE OVER Powerstay Glazed Lock Lip Pigment - D11 POMPOUS 2.0,Terjual 10 rb+,Rp119.200,4.9,Andries,bintang 5,alhamdulillah warnanya bagus... lumayan tahan lama.....
MAKE OVER Powerstay Glazed Lock Lip Pigment - D11 POMPOUS 2.0,Terjual 10 rb+,Rp119.200,4.9,S***a,bintang 5,"finishnya lebih ringan dibanding vinyl ink! keren sih developnya berhasil bgttt. beneran uncrackable. aku udah punya 3 shades. ini makover gamau endors aku kah??!,!,!,!!,!?+?+?"
MAKE OVER Powerstay Glazed Lock Lip Pigment - D11 POMPOUS 2.0,Terjual 10 rb+,Rp119.200,4.9,S***i,bintang 5,"bagus banget ,tahan seharian"
MAKE OVER Powerstay Glazed Lock Lip Pigment - D11 POMPOUS 2.0,Terjual 10 rb+,Rp119.200,4.9,Sri,bintang 5,Sri
MAKE OVER Powerstay Glazed Lock Lip Pigment - D11 POMPOUS 2.0,Terjual 10 rb+,Rp119.200,4.9,V***y,bintang 5,enak dan ringan di bibir..recomended
MAKE OVER Powerstay Glazed Lock Lip Pigment - D11 POMPOUS 2.0,Terjual 10 rb+,Rp119.200,4.9,Shinta,bintang 5,sukak warnanya..tks
MAKE OVER Powerstay Glazed Lock Lip Pigment - D11 POMPOUS 2.0,Terjual 10 rb+,Rp119.200,4.9,sekar,bintang 5,bahannya ringan
MAKE OVER Powerstay Glazed Lock Lip Pigment - D11 POMPOUS 2.0,Terjual 10 rb+,Rp119.200,4.9,ajeng,bintang 5,Juaraaaaaaaaaa lips ini gaes
MAKE OVER Powerstay Glazed Lock Lip Pigment - D11 POMPOUS 2.0,Terjual 10 rb+,Rp119.200,4.9,A***a,bintang 5,"Pake dari pagi, sampe malem ga ilang busyet, beli warna lain ah"
MAKE OVER Powerstay Glazed Lock Lip Pigment - D11 POMPOUS 2.0,Terjual 10 rb+,Rp119.200,4.9,V***a,bintang 5,Bagussss
MAKE OVER Powerstay Glazed Lock Lip Pigment - D11 POMPOUS 2.0,Terjual 10 rb+,Rp119.200,4.9,Aldri,bintang 5,Warna cantik.Glossy & pigmented.Thanks seller üôè
MAKE OVER Powerstay Glazed Lock Lip Pigment - D11 POMPOUS 2.0,Terjual 10 rb+,Rp119.200,4.9,Stephanie,bintang 4,"tidak setahan yg diharapkan, pudarnya jg patchy."
MAKE OVER Powerstay Glazed Lock Lip Pigment - D11 POMPOUS 2.0,Terjual 10 rb+,Rp119.200,4.9,R***a,bintang 5,"yang pompous ini warnanya kayak pink nude dengan ada sedikit hint ungu(?), kayaknya di beberapa skintone ini cocok buat jadi ""my lips but better"" lippies. pakenya agak tricky, karena beda kondisi bibir, maka hasilnya juga beda. di aku ngesetnya trnyata lumayan lama, hampir sejam baru ngeset, dan kalo ngeset ternyata emang minim transfer. pokoknya harus kenali cara kerja lippie ini dulu"
MAKE OVER Powerstay Glazed Lock Lip Pigment - D11 POMPOUS 2.0,Terjual 10 rb+,Rp119.200,4.9,A***a,bintang 5,"worth the hype, even better than vinyl ink!"
MAKE OVER Powerstay Glazed Lock Lip Pigment - D11 POMPOUS 2.0,Terjual 10 rb+,Rp119.200,4.9,K***a,bintang 5,"Packing aman walaupun dus penyok, mungkin tertindih di tas kurir. Warna cantik dan sesuai ekspektasi."
MAKE OVER Powerstay Glazed Lock Lip Pigment - D11 POMPOUS 2.0,Terjual 10 rb+,Rp119.200,4.9,i***a,bintang 5,"Belum di swatch di bibir, warna sesuai"
MAKE OVER Powerstay Glazed Lock Lip Pigment - D11 POMPOUS 2.0,Terjual 10 rb+,Rp119.200,4.9,C***y,bintang 5,Harus brb diratain soalnya cepet bgt set nyaa. Warna ternyata agak kegelapan di kulit aku tapi issokey tetep baguss
MAKE OVER Powerstay Glazed Lock Lip Pigment - D11 POMPOUS 2.0,Terjual 10 rb+,Rp119.200,4.9,B***y,bintang 5,Warna bagus dan barang sampai dengan baik Engga tranfer tapi harus didiemin beberapa menit Cakepp
MAKE OVER Powerstay Glazed Lock Lip Pigment - D11 POMPOUS 2.0,Terjual 10 rb+,Rp119.200,4.9,Cyntia,bintang 5,Warna nya bagus2 tp tll muda di bibir aq. Next pilih warna yg lebih gelap
MAKE OVER Powerstay Glazed Lock Lip Pigment - D11 POMPOUS 2.0,Terjual 10 rb+,Rp119.200,4.9,p***a,bintang 5,sesuai yang di pesan
MAKE OVER Powerstay Glazed Lock Lip Pigment - D11 POMPOUS 2.0,Terjual 10 rb+,Rp119.200,4.9,Widya,bintang 5,üëçüèªüëçüèª
MAKE OVER Powerstay Glazed Lock Lip Pigment - D11 POMPOUS 2.0,Terjual 10 rb+,Rp119.200,4.9,Nur,bintang 5,warna cantik dan tidak pudar
MAKE OVER Powerstay Glazed Lock Lip Pigment - D11 POMPOUS 2.0,Terjual 10 rb+,Rp119.200,4.9,tika,bintang 5,tika
MAKE OVER Powerstay Glazed Lock Lip Pigment - D11 POMPOUS 2.0,Terjual 10 rb+,Rp119.200,4.9,S***m,bintang 5,"bagus dan tahan lama, lembut,hanya warna yg kurang cerah, setelah diaplikasikan ke bibir,"
MAKE OVER Powerstay Glazed Lock Lip Pigment - D11 POMPOUS 2.0,Terjual 10 rb+,Rp119.200,4.9,Yossyfratiwii,bintang 5,packaging nya luar biasaaaaa. semoga cocok dan awet sesuai claim nyaa yeaay
MAKE OVER Powerstay Glazed Lock Lip Pigment - D11 POMPOUS 2.0,Terjual 10 rb+,Rp119.200,4.9,fitrifattahfathan,bintang 5,bagus ringan maaf baru kasih nilai keburu mau pergi keluar
MAKE OVER Powerstay Glazed Lock Lip Pigment - D11 POMPOUS 2.0,Terjual 10 rb+,Rp119.200,4.9,P***i,bintang 5,Packingnya rapi banget .. bagus warnanya di bibir .. tahan lama walaupun sudah di pakai makan minum ga luntur .. pengiriman cepat .. mantul pokoknya ..
MAKE OVER Powerstay Glazed Lock Lip Pigment - D11 POMPOUS 2.0,Terjual 10 rb+,Rp119.200,4.9,N***n,bintang 5,warnanya cakepppp bgtttttt
MAKE OVER Powerstay Glazed Lock Lip Pigment - D11 POMPOUS 2.0,Terjual 10 rb+,Rp119.200,4.9,abdillahx,bintang 5,sesuai pesanan pengiriman standart makasih
